-- phpMyAdmin SQL Dump
-- version 2.11.11.3
-- http://www.phpmyadmin.net
--
-- Host: localhost
-- Generation Time: Jul 13, 2018 at 12:44 AM
-- Server version: 4.1.22
-- PHP Version: 5.2.6

SET SQL_MODE="NO_AUTO_VALUE_ON_ZERO";

--
-- Database: `travolla_main`
--

-- --------------------------------------------------------

--
-- Table structure for table `activities`
--

CREATE TABLE IF NOT EXISTS `activities` (
  `activity_id` bigint(20) NOT NULL default '0',
  `name` varchar(255) NOT NULL default '',
  `subtitle` varchar(255) default NULL,
  `description` text,
  `image_path` varchar(255) default NULL,
  `category` enum('Museums','Sports','Food','Natural Sights','Hiking','Animal','Local Events','Shopping','Architectural') default NULL,
  `cost` float(10,2) default NULL,
  `city_id` bigint(20) NOT NULL default '0',
  `gps_lat` float(8,5) default NULL,
  `gps_long` float(8,5) default NULL,
  `estimated_time` float(255,0) default NULL,
  `activity_level` enum('Hyperactive','Active','Lazy') default NULL,
  `mobility_level_min` enum('Fast','Slow','Assistance_reqd') default NULL,
  `opening_hours` varchar(250) default NULL,
  `comment` float(2,1) default NULL,
  PRIMARY KEY  (`activity_id`),
  KEY `city_id` (`city_id`)
) ENGINE=InnoDB DEFAULT CHARSET=utf8;

--
-- Dumping data for table `activities`
--

INSERT INTO `activities` (`activity_id`, `name`, `subtitle`, `description`, `image_path`, `category`, `cost`, `city_id`, `gps_lat`, `gps_long`, `estimated_time`, `activity_level`, `mobility_level_min`, `opening_hours`, `comment`) VALUES
(1, 'Tiger Beach Ocean Park', '老虎滩海洋公园', 'It is the largest seaside amusement park in China. The park has beautiful natural scenery, beautiful scenery and beautiful scenery. Park has five basic venues: polar Marine animal museum, the sea pavilion, coral hall, theater, the world of birds, joy and', '/', 'Animal', 210.00, 5120, 38.87226, 121.67535, 4, 'Active', 'Slow', '6:00-22:00', 4.5),
(2, 'Discovery Kingdom Theme Park', '发现王国主题公园', 'The Discovery Kingdom Theme Park is located in the Jinshitan national tourism resort in Dalian, about 50 kilometers from downtown dalian. The park is divided into seven themes: discovery square, legendary castle, magic forest, metal factory, mysterious de', '/', 'Shopping', 190.00, 5120, 39.08192, 122.00010, 6, 'Hyperactive', 'Fast', '09:30-21:00', 5.0),
(3, 'Dalian Forest Gardens', '大连森林动物园', 'Located in the southeast of Dalian city, it is located in Baiyun mountain (national scenic area), Dalian coastal scenic area. In a period of captivity area and the second phase of wild grazing areas show there are more than 200 kinds of animals, of more t', '/', 'Animal', 120.00, 5120, 38.88628, 121.60841, 4, 'Active', 'Slow', '08:30-16:30', 4.5),
(4, 'Stick Island', '棒棰岛', 'The island is located at the east section of binhai road, dalian city, about 5 kilometers southeast of dalian city. It is a scenic resort with mountains, seas, islands and beaches as its main landscape. It is surrounded on three sides by mountains and on', '/', 'Natural Sights', 20.00, 5120, 38.88542, 121.71882, 5, 'Lazy', 'Slow', '08:00-19:00', 4.5),
(5, 'Sun Asia Ocean World', '圣亚海洋世界', 'Dalian Sun Asia Ocean World, is located in the west side of xinghai square, xinghai park, a total of st and sea world, the polar world, st and deep sea legend, the coral world, legendary dinosaur five venues, constitute landmark of Asia''s largest square,', '/', 'Animal', 190.00, 5120, 38.87850, 121.57123, 2, 'Active', 'Fast', '08:30-17:00', 4.5),
(6, 'Sea Charm Park', '海之韵公园', 'The Sea Charm Park, which is the easternmost spot in the dalian waterfront, covering 450 acres, 10 kilometers from the city centre, two sides of the ocean, north and central city, and the southwest is a beautiful island resort. Park, beautiful', '/', 'Natural Sights', 10.00, 5120, 38.90018, 121.70498, 2, 'Lazy', 'Slow', '00：00-24:00', 4.5),
(7, 'Russian style street', '俄罗斯风情街', 'Russian style street is located in the prosperous northwest of shengli bridge, also known as unity street, which has preserved 38 buildings from the time of belarus in the far east for a hundred years. It is the first Russian street with 19th and 20th cen', '/', 'Shopping', 0.00, 5120, 38.92798, 121.63522, 2, 'Lazy', 'Slow', '00：00-24:00', 4.0),
(8, 'Site of Japanese and Russian prison', '日俄监狱旧址', 'The former site of Lushun Japan-Russia prison is located at no. 139 Xiangyang street, Lushun Kou district, Dalian city, Liaoning province, China. The prison was built by czar Russia in 1902 and expanded in Japan in 1907. Inside the prison walls, the priso', '/', 'Architectural', 25.00, 5120, 38.82490, 121.26444, 1, 'Lazy', 'Slow', '08:00-17:00', 4.5),
(9, 'Dalian Natural Museum', '大连自然博物馆', 'The Dalian Museum of Nature was originally a geological survey institute established in 1907 by the Japan southern manchuria railway corporation after the Japanese occupation of the northeast. Around 1923 survey of a large collection of the northeast natu', '/', 'Museums', 0.00, 5120, 38.87032, 121.56156, 1, 'Lazy', 'Slow', '9：00-16：30', 4.5),
(10, 'Lushun Museum', '旅顺博物馆', 'Lushun museum is located in Lenin street, Lushunkou district, Dalian city. It belongs to the Sun Valley scenic area. The lushun museum was rebuilt in 1916 on the basis of the Russian military officers'' club after the Japanese imperialists occupied dalian', '/', 'Museums', 0.00, 5120, 38.80858, 121.23463, 8, 'Lazy', 'Slow', '08:30-16:00', 4.5),
(11, 'Dalian Shell Museum', '大连贝壳博物馆', 'Located in the southeast corner of Xinghai square, Dalian shell museum is the largest shell museum in Asia. Museum designed by tsinghua university construction engineering research and design institute, and employs the world famous expert in shellfish mol', '/', 'Museums', 100.00, 5120, 38.87792, 121.58985, 4, 'Lazy', 'Slow', '8:30-16:00', 4.5),
(12, 'Big Black Mountain', '大黑山', 'Known as the first mountain in southern Liaoning, the great black mountain is also known as the great monk mountain. It is located about 4 kilometers east of jinzhou city and the main peak is 663 meters above sea level. The great black mountains rise out', '/', 'Natural Sights', 10.00, 5120, 39.10157, 121.78605, 1, 'Lazy', 'Slow', '8:30 - 18:30', 4.5),
(13, 'Snake Island', '蛇岛', 'The world - renowned strange island, a national nature reserve. The main peak is 216.9 meters above sea level. It is surrounded by cliffs and exposed rocks. The steep gullies on the slope of the island are deep, the soil layer is deep, the structure is lo', '/', 'Natural Sights', 120.00, 5120, 38.95297, 120.98370, 5, 'Active', 'Slow', '00：00-24:00', 4.5),
(14, '15KU', '15库', '15KU''s life is romantic, elegant and casual. Can be on the top floor overlooking the sky line of architecture, can go to the food left leg rest, floor can ides in cultural and artistic creativity, you can nest in a separate book reading life, can go to th', '/', 'Food', 0.00, 5120, 38.92937, 121.66546, 4, 'Lazy', 'Fast', '00：00-24:00', 4.5),
(15, 'Guandong Film and Television City', '闯关东影视城', 'The film and television city is located in the Qingfeng town of Sanliqiao village, Shuiying street, Lushun. Braving the journey the main scene in shandong compound, the wangs courtyard, jiaojia compound, Luo Shi slums and pseudo police department, the Jap', '/', 'Local Events', 40.00, 5120, 38.83235, 121.24403, 3, 'Active', 'Fast', '8:00-17:00', 4.5),
(16, 'Grand Hotel', '大和旅馆', 'Daiwa hotel dalian daiwa hotel after the war between Japan and Russia, Japan took over the railway south of changchun, then went all out to operate the changchun subsidiary of the northern section of the south manchurian railway. The war has left Japan''s', '/', 'Architectural', 0.00, 5120, 38.80659, 121.22971, 3, 'Active', 'Slow', '00：00-24:00', 4.0),
(17, 'Hengshan Academy', '衡山书院', 'Hengshan academy is located in the west street of fuzhou city, wafangdian city. In 1844, the governor of fuzhou, zhang ju, initiated the donation of local gentlemen, scholars and scholars to expand the mansion into a academy. As the highest institution of', '/', 'Local Events', 20.00, 5120, 39.73830, 121.71395, 3, 'Lazy', 'Slow', '00：00-24:00', 4.0),
(18, 'MengShanShui', '梦山水', 'Golden denim steaks are compact, plump and fresh, with a sweet Japanese sauce and lettuce, healthy and delicious.', '/', 'Food', 68.00, 5120, 38.91385, 121.59309, 2, 'Active', 'Slow', '11:00-22:00', 4.5),
(19, 'Cade Peace Square', '凯德和平广场', 'From Italy and South Korea to southeast Asia, Taiwan and Hong Kong, to Beijing, Shanghai, sichuan, yunnan and shaanxi No matter where you come from, you can taste the flavor of your hometown and enjoy the real journey of local food.', '/', 'Shopping', 0.00, 5120, 38.89688, 121.58826, 4, 'Active', 'Slow', '08:00-22:00', 4.0),
(20, 'Qingniwa Business District', '青泥洼商圈', 'Located south of dalian railway station, qingniwa business district is the most prosperous business district in dalian.Main shopping malls: dalian mall, McKellar dalian mall, new mart shopping center, shengli underground commercial street, etc.', '/', 'Shopping', 0.00, 5120, 38.91761, 121.63498, 2, 'Active', 'Slow', '8：30-20;30', 4.5),
(21, 'Tianjin Street shopping street', '天津街购物街', 'Shopping street of tianjin street is an old commercial street with a history of one hundred years. Now it has the architectural style of tianjin old street and the modern architectural style.Main shopping malls: tianbai building, shopping center of Paris', '/', 'Shopping', 0.00, 5120, 38.95223, 121.52550, 2, 'Active', 'Slow', '8：30-20;30', 4.5),
(22, 'Olympic business district', '奥林匹克商业区', 'Next to the famous Olympic square, when you are tired of playing football, you can find all kinds of delicious food or popular clothes In the nearby baisheng, or you can buy the most In electronic products.Main shopping mall: baisheng shopping mall, Olymp', '/', 'Shopping', 0.00, 5120, 38.91379, 121.47544, 2, 'Active', 'Slow', '8：30-20;30', 4.0),
(23, 'Koala Sanctuary in Lone Pine', '龙柏考拉保护区', 'Founded in 1927 on the outskirts of Brisbane, the Koala Sanctuary in Lone Pine is Australia''s oldest and largest Koala Sanctuary in the world. There are more than 130 koalas and kangaroos, possums and wombats. Koalas are so cute that many tourists are wil', '/', 'Animal', 0.00, 8120, -27.53378, 152.96883, 4, 'Active', 'Slow', '9：00-17：00', 4.5),
(24, 'South Bank Parklands', '南岸公园', 'South Bank Parklands originally is the address of the venue in 1988 world''s fair, at the end of the exhibition, city authorities had hoped to turned into apartments, opposed by citizens, and then reversed course and into a water park, in addition to food', '/', 'Natural Sights', 0.00, 8120, -27.47627, 153.02196, 1, 'Lazy', 'Slow', '00：00-24:00', 4.0),
(25, 'Brisbane River', '布里斯班河', 'The Brisbane river is a river in southeast Queensland, Australia, 350 kilometers long, 340 kilometers below the Brisbane canyon. The Brisbane river was blocked upstream by the Wivenhoe dam, forming lake Wivenhoe, which is now the main source of water for', '/', 'Natural Sights', 0.00, 8120, -26.87817, 152.33310, 1, 'Lazy', 'Slow', '00：00-24:00', 4.5),
(26, 'University of Queensland', '昆士兰大学', 'At the university of Queensland, founded on December 10, 1909 in capital of Brisbane, Queensland for Queensland''s first comprehensive university, is one of the 6 sandstone institution of higher learning, is also one of the oldest and largest university in', '/', 'Local Events', 0.00, 8120, -27.49543, 153.01202, 2, 'Active', 'Slow', '00：00-24:00', 4.5),
(27, 'Kangaro Point', '袋鼠角', 'A Kangaroo Point is a river sleeve for the Brisbane river. The higher ground overlooks the beautiful Brisbane river and the tall buildings on the other side. It''s called kangaroo horn, but unfortunately you can''t find kangaroos here. It''s actually the poc', '/', 'Animal', 0.00, 8120, -27.48174, 153.03333, 2, 'Active', 'Slow', '00：00-24:00', 4.0),
(28, 'Brisbane City Hall', '布里斯班市政厅', 'Brisbane city hall is located in the center of the city. It was built in 1930. In January 2010, it was closed for three years for reconstruction. The towering clock tower was Australia''s largest and most expensive building until the Sydney opera house was', '/', 'Natural Sights', 0.00, 8120, -27.46898, 153.02351, 1, 'Lazy', 'Slow', '8：00-17：00', 4.0),
(29, 'Story Bridge', '故事桥', 'Story Bridge is the most famous Bridge in Brisbane, Australia. It is one of the only two hand-built Bridges in the world. Scenic spots in story bridge activities, is a panoramic view of Brisbane can not miss the project. Two and a half hours, instructor w', '/', 'Natural Sights', 0.00, 8120, -27.46397, 153.03577, 4, 'Lazy', 'Slow', '00：00-24:00', 4.5),
(30, 'Moreton Island', '摩顿岛', 'Moreton Island, the world''s third-largest sand Island, is 98 per cent covered by national parks. Tenglioma resort is the only resort on the island. Known around the world for its wild dolphins, it is also called "dolphin island". It is located in the Paci', '/', 'Natural Sights', 30.00, 8120, -27.08732, 153.41542, 4, 'Lazy', 'Slow', '00：00-24:00', 4.5),
(31, 'Urban botanical garden', '城市植物园', 'Brisbane is the third largest city in Australia and the largest seaport in the country, Queensland. Founded in 1924 as a colony of ex-convicts, it is now Australia''s commercial and transportation hub. Brisbane has an ideal climate for golf, cricket, tenni', '/', 'Natural Sights', 0.00, 8120, -27.47448, 153.02930, 3, 'Active', 'Slow', '6:00-18:00', 4.0),
(32, 'Chinatown in Brisbane', '布里斯班唐人街', 'It would be a great pity not to go to Chinatown in Brisbane. Although it is not as prosperous as Sydney''s Chinatown and is not as long as Melbourne''s, its small size, neat and beautiful make a deep impression on people who come here. Brisbane Chinatown in', '/', 'Local Events', 0.00, 8120, -27.45854, 153.03365, 2, 'Active', 'Slow', '6:00-18:00', 4.5),
(33, 'Flintstone in Tiange Lu Ma dolphin Island Resort', '天阁路玛海豚岛度假村火石料理', 'Tiange luoma''s latest stone cuisine restaurant presents different food cultures in China and western countries. The ideal location of the restaurant offers a panoramic view of the dolphin bay. You can also choose to eat out at night and enjoy the romance', '/', 'Food', 0.00, 8120, -27.18115, 153.37173, 2, 'Lazy', 'Slow', '11：30-21：00', 4.0),
(34, 'Nando''s(St Lucia)', 'Nando''s(St Lucia)', 'We mainly serve grilled chicken, French fries, salad, chicken rolls and so on. There are already more than 270 stores in Australia, 28 in New Zealand and two in Fiji. The store is in St Lucia.', '/', 'Food', 0.00, 8120, -27.49447, 153.00311, 2, 'Lazy', 'Slow', '11：30-21：00', 4.0),
(35, 'Queen Street Mall', '皇后街购物中心', 'Grand queen street, shopping center, city center, Brisbane, Australia has more than 500 stores, grocery stores, places of entertainment and three big shopping, senior is the international famous brand goods and in the every day is a day of shopping. The M', '/', 'Shopping', 0.00, 8120, -27.46965, 153.02524, 2, 'Lazy', 'Slow', '09:00-18:00', 4.0);

-- --------------------------------------------------------

--
-- Table structure for table `cities`
--

CREATE TABLE IF NOT EXISTS `cities` (
  `city_id` bigint(20) NOT NULL default '0',
  `city_name` varchar(255) NOT NULL default '',
  `city_language` enum('English','Chinese') default NULL,
  `country_id` int(11) NOT NULL default '0',
  `sub_title` varchar(128) default NULL,
  `description` text,
  `image_path` varchar(255) default NULL,
  `gps_lat` float(8,5) default NULL,
  `gps_long` float(8,5) default NULL,
  PRIMARY KEY  (`city_id`),
  KEY `country_id` (`country_id`)
) ENGINE=InnoDB DEFAULT CHARSET=utf8;

--
-- Dumping data for table `cities`
--

INSERT INTO `cities` (`city_id`, `city_name`, `city_language`, `country_id`, `sub_title`, `description`, `image_path`, `gps_lat`, `gps_long`) VALUES
(5120, 'Dalian', 'Chinese', 55120, 'Liaoning''s seaside gem', 'Dalian is a major city and seaport in the south of Liaoning Province, China. It is the southernmost city of the Liaodong Peninsula. Dalian is the province''s second largest city and has sub-provincial administrative status.[5] The Shandong Peninsula lies southwest across the Bohai Strait and Korea lies across the Yellow Sea to the east.', 'images/cities/dlc.jpg', 121.63917, 38.92083),
(8120, 'Brisbane', 'English', 88120, 'Queensland''s capital - The River City', 'Brisbane, the capital of Queensland, is nestled between Queensland''s sensational Gold Coast and Sunshine Coast. Its central business district is divided by the Brisbane River. Nearby Moreton Bay offers island getaways.', 'images/cities/bne.jpg', -27.46667, 153.03333);

-- --------------------------------------------------------

--
-- Table structure for table `countries`
--

CREATE TABLE IF NOT EXISTS `countries` (
  `country_id` int(11) NOT NULL default '0',
  `name` varchar(64) NOT NULL default '',
  `image_path` varchar(255) default NULL,
  PRIMARY KEY  (`country_id`)
) ENGINE=InnoDB DEFAULT CHARSET=utf8;

--
-- Dumping data for table `countries`
--

INSERT INTO `countries` (`country_id`, `name`, `image_path`) VALUES
(55120, 'China', '/'),
(88120, 'Australia', '/');

-- --------------------------------------------------------

--
-- Table structure for table `guides`
--

CREATE TABLE IF NOT EXISTS `guides` (
  `unique_id` bigint(20) NOT NULL default '0',
  `tourist_id` bigint(20) NOT NULL default '0',
  `guide_id` bigint(20) NOT NULL default '0',
  `start_time` date default NULL,
  `stop_time` date default NULL,
  PRIMARY KEY  (`tourist_id`,`guide_id`),
  KEY `guide_id` (`guide_id`)
) ENGINE=InnoDB DEFAULT CHARSET=utf8;

--
-- Dumping data for table `guides`
--

INSERT INTO `guides` (`unique_id`, `tourist_id`, `guide_id`, `start_time`, `stop_time`) VALUES
(1, 4, 6, '2018-07-11', '2018-08-12'),
(1, 5, 6, '2018-07-11', '2018-07-13');

-- --------------------------------------------------------

--
-- Table structure for table `heatmap`
--

CREATE TABLE IF NOT EXISTS `heatmap` (
  `latlng` varchar(255) default NULL,
  `count` varchar(255) default NULL
) ENGINE=InnoDB DEFAULT CHARSET=utf8;

--
-- Dumping data for table `heatmap`
--

INSERT INTO `heatmap` (`latlng`, `count`) VALUES
('118.765,32.1127', '65'),
('113.051,23.0238', '77'),
('118.754,32.1423', '82'),
('113.154,23.03', '6'),
('110.015,25.8033', '60'),
('110.677,25.5998', '85'),
('110.775,21.4466', '29'),
('116.757,39.6015', '39'),
('121.105,31.4536', '93'),
('117.305,31.8703', '62'),
('112.894,22.9269', '13'),
('117.169,37.9649', '58'),
('110.895,34.5127', '14'),
('117.042,32.6435', '33'),
('119.958,31.7795', '7'),
('112.834,22.8931', '49'),
('118.879,31.9387', '89'),
('118.879,31.9389', '84'),
('119.446,32.2035', '95'),
('111.552,24.4097', '39'),
('112.852,35.4907', '40'),
('118.78,32.0412', '48'),
('119.826,31.3847', '100'),
('116.606,28.2412', '65'),
('118.828,35.1882', '60'),
('118.72,32.2024', '100'),
('116.679,39.5231', '90'),
('114.924,25.3887', '26'),
('87.9667,44.1553', '38'),
('113.133,23.0316', '2'),
('115.723,37.5111', '85'),
('114.907,27.0413', '80'),
('116.091,38.4432', '74'),
('115.928,38.9323', '58'),
('113.193,23.1099', '12'),
('118.694,31.943', '32'),
('115.004,25.8666', '83'),
('118.275,33.9557', '3'),
('115.961,28.6737', '86'),
('115.972,37.3416', '3'),
('116.602,28.2314', '36'),
('110.396,21.2222', '78'),
('119.453,32.2044', '88'),
('119.251,39.8798', '0'),
('114.137,24.3461', '57'),
('118.054,28.8468', '10'),
('119.831,31.3847', '48'),
('114.718,41.1521', '81'),
('114.264,27.4934', '32'),
('125.139,42.9007', '41'),
('120.896,30.9444', '63'),
('119.542,39.9306', '38'),
('111.56,24.41', '89'),
('113.115,23.0215', '86'),
('119.897,32.4121', '12'),
('113.044,23.784', '25'),
('113.009,23.741', '90'),
('115.971,39.4927', '2'),
('115.095,33.4168', '16'),
('115.069,33.396', '23'),
('120.292,31.5485', '10'),
('114.024,33.3875', '20'),
('112.933,35.0901', '16'),
('119.272,28.5868', '39'),
('114.077,32.1419', '5'),
('114.03,33.3844', '83'),
('115.722,39.3913', '64'),
('113.154,27.8368', '32'),
('115.494,38.9061', '22'),
('113.801,34.0293', '91'),
('115.508,38.8912', '90'),
('120.175,30.3277', '8'),
('111.884,32.7473', '19'),
('116.492,38.3892', '12'),
('118.027,36.8221', '24'),
('104.102,26.1971', '93'),
('114.942,27.8004', '73'),
('114.344,34.78', '29'),
('122.122,30.0158', '94'),
('120.107,30.2993', '78'),
('120.657,27.7828', '21'),
('120.771,27.8316', '47'),
('118.867,33.9811', '89'),
('113.788,35.4518', '79'),
('114.315,30.5438', '44'),
('120.672,28.012', '7'),
('114.281,35.7322', '78'),
('120.679,27.7819', '83'),
('115.511,37.8418', '27'),
('121.48,29.9443', '9'),
('114.361,34.8022', '8'),
('114.442,30.5029', '78'),
('109.505,18.2585', '58'),
('113.15,30.6482', '13'),
('112.408,34.6547', '22'),
('79.9378,37.1241', '60'),
('112.408,34.6604', '70'),
('120.023,30.2099', '94'),
('114.273,30.6014', '12'),
('120.898,30.945', '83'),
('110.292,20.0062', '92'),
('120.153,30.3187', '4'),
('103.766,36.077', '80'),
('112.847,26.4114', '6'),
('112.133,32.0599', '65'),
('103.853,36.0476', '34'),
('118.875,28.9569', '76'),
('120.512,30.0936', '52'),
('117.489,27.3371', '64'),
('112.183,27.4618', '44'),
('116.677,39.5341', '50'),
('117.98,27.6484', '78'),
('121.382,28.3778', '2'),
('120.121,30.2762', '17'),
('112.867,27.2385', '19'),
('118.318,24.4317', '30'),
('118.582,24.8923', '1'),
('110.284,20.0031', '33'),
('120.706,28.0011', '28'),
('118.871,28.9459', '9'),
('112.382,26.9583', '20'),
('110.352,20.0314', '33'),
('119.02,25.4385', '90'),
('119.917,29.2581', '32'),
('106.647,26.6395', '10'),
('124.044,41.8666', '21'),
('110.368,20.0333', '82'),
('114.339,30.3715', '100'),
('119,25.4297', '49'),
('121.373,41.1752', '67'),
('120.353,31.5799', '60'),
('106.692,26.5782', '60'),
('119.626,41.3968', '73'),
('116.37,25.8322', '58'),
('106.83,27.5379', '49'),
('119.348,25.7182', '60'),
('119.21,26.6641', '77'),
('113.136,27.8302', '97'),
('111.969,28.907', '62'),
('106.06,29.8432', '58'),
('108.4,31.1738', '70'),
('110.287,20.0076', '94'),
('106.74,26.5609', '84'),
('121.589,29.8569', '89'),
('106.508,29.5101', '100'),
('106.56,29.5122', '8'),
('106.485,29.6332', '53'),
('116.74,24.7337', '19'),
('108.974,34.3801', '83'),
('106.594,29.5527', '47'),
('108.916,34.27', '19'),
('108.769,34.039', '6'),
('106.7,26.5403', '76'),
('124.075,40.4588', '91'),
('115.397,30.7825', '47'),
('112.531,27.9233', '9'),
('106.307,29.6162', '6'),
('109.955,33.8623', '57'),
('112.407,29.7245', '9'),
('108.918,34.1573', '18'),
('107.322,33.1478', '97'),
('123.011,41.1219', '96'),
('112.87,27.8942', '59'),
('121.995,39.6231', '33'),
('106.702,26.5218', '36'),
('108.384,30.798', '99'),
('123.035,47.0733', '64'),
('100.309,25.2279', '77'),
('106.598,29.6675', '96'),
('119.944,32.4943', '100'),
('121.45,31.3465', '28'),
('129.618,44.5669', '84'),
('119.374,26.0489', '18'),
('118.557,24.8941', '19'),
('118.537,27.9186', '92'),
('126.678,45.7404', '21'),
('129.682,44.5927', '83'),
('103.392,23.3563', '38'),
('102.66,24.9845', '42'),
('102.719,25.0294', '54'),
('118.394,24.9613', '23'),
('100.306,25.2347', '76'),
('126.512,43.8239', '52'),
('118.648,24.941', '30'),
('110.437,41.7042', '25'),
('114.994,30.4324', '90'),
('123.505,43.5216', '85'),
('106.582,31.0765', '36'),
('101.729,36.634', '30'),
('119.751,41.1218', '75'),
('117.612,24.114', '59'),
('121.763,31.2189', '23'),
('121.45,31.2203', '88'),
('102.7,25.0374', '95'),
('121.513,31.3027', '42'),
('104.075,30.6698', '93'),
('121.501,31.2126', '85'),
('104.029,30.6338', '83'),
('104.772,29.3389', '49'),
('103.673,30.6133', '1'),
('103.097,30.0737', '41'),
('117.713,24.4589', '8'),
('125.705,44.5377', '39'),
('108.397,31.1704', '76'),
('119.299,29.4849', '71'),
('114.322,30.5477', '75'),
('104.037,30.7441', '6'),
('104.701,29.2769', '2'),
('129.85,42.9628', '93'),
('121.369,28.3659', '78'),
('124.132,41.3015', '54'),
('106.19,38.4814', '2'),
('117.389,39.1719', '24'),
('121.05,29.8138', '4'),
('117.297,31.8226', '65'),
('104.628,28.7649', '4'),
('103.131,28.327', '59'),
('126.59,45.7011', '23'),
('113.511,27.6401', '38'),
('121.521,31.3053', '78'),
('116.834,30.7225', '69'),
('102.752,25.0634', '7'),
('110.172,36.0424', '86'),
('121.497,31.3803', '32'),
('117.015,32.6426', '7'),
('124.827,45.1183', '59'),
('107.214,30.7364', '84'),
('117.164,39.1467', '96'),
('103.833,30.6881', '61'),
('100.207,26.9184', '69'),
('119.46,35.4271', '73'),
('117.119,36.1976', '83'),
('118.435,29.867', '1'),
('104.089,30.6616', '99'),
('116.616,35.4184', '44'),
('117.453,35.0977', '44'),
('118.546,36.5195', '93'),
('117.485,30.664', '55'),
('118.021,37.3747', '91'),
('104.041,30.6783', '49'),
('120.384,30.3066', '70'),
('103.085,29.0185', '3'),
('117.281,31.8767', '51'),
('120.89,37.7681', '46'),
('110.703,35.572', '49'),
('117.27,39.0549', '37'),
('116.081,35.7957', '96'),
('102.264,27.8797', '92'),
('115.594,32.6445', '34'),
('115.587,32.6365', '92'),
('106.457,30.5351', '51'),
('118.351,29.8257', '13'),
('112.691,22.3518', '47'),
('124.806,43.5014', '11'),
('114.08,22.8102', '76'),
('121.397,37.5403', '39'),
('118.135,30.2944', '39'),
('113.883,23.111', '69'),
('111.365,35.6155', '82'),
('116.471,35.9329', '78'),
('107.365,35.3336', '78'),
('117.384,32.9369', '100'),
('104.272,30.7184', '17'),
('114.064,22.5324', '48'),
('108.966,34.3391', '17'),
('113.73,23.0024', '76'),
('113.962,23.0258', '58'),
('121.457,31.2046', '37'),
('121.395,37.5347', '35'),
('116.766,23.4759', '63'),
('119.939,37.1735', '15'),
('105.45,28.8917', '94'),
('116.107,24.298', '3'),
('118.63,34.9193', '24'),
('121.382,31.2448', '87'),
('121.23,31.0546', '30'),
('113.395,22.0422', '37'),
('117.464,49.5984', '63'),
('116.318,23.2616', '57'),
('112.893,36.3113', '46'),
('119.626,25.9747', '28'),
('108.909,27.2368', '57'),
('120.833,37.302', '5'),
('130.831,47.5785', '62'),
('117.95,36.956', '87'),
('111.788,37.1385', '85'),
('124.393,43.1694', '18'),
('104.177,30.6482', '45'),
('113.818,22.8085', '98'),
('114.032,22.5532', '45'),
('113.795,22.683', '65'),
('118.612,35.7745', '27'),
('107.814,31.6919', '15'),
('121.39,37.5259', '98'),
('114,22.9685', '35'),
('110.837,35.4204', '51'),
('116.703,23.3694', '59'),
('109.421,24.3148', '87'),
('112.226,22.5879', '65'),
('116.408,23.2525', '1'),
('113.052,36.0507', '86'),
('113.816,23.0984', '49'),
('120.146,32.5072', '46'),
('116.941,34.7176', '34'),
('120.53,37.6415', '44'),
('118.86,32.0342', '51'),
('119.981,31.7713', '10'),
('113.228,36.3324', '70'),
('120.554,37.6433', '96'),
('113.26,38.7198', '21'),
('113.668,22.9349', '42'),
('120.298,31.6334', '46'),
('126.671,45.7572', '53'),
('118.203,33.4594', '28'),
('114.904,27.8209', '25'),
('132.04,47.2515', '98'),
('109.29,22.418', '62'),
('113.757,23.0205', '40'),
('120.526,31.3819', '26'),
('116.84,23.5743', '80'),
('123.921,41.8779', '79'),
('111.614,21.7489', '47'),
('115.484,38.8902', '95'),
('118.593,24.8918', '93'),
('100.851,24.4419', '41'),
('121.14,31.4495', '47'),
('120.538,31.8653', '52'),
('85.6259,44.3257', '40'),
('113.004,23.7318', '87'),
('118.827,36.7199', '27'),
('118.283,33.9442', '79'),
('120.625,31.3116', '41'),
('116.023,25.8731', '100'),
('108.065,24.6971', '43'),
('116.711,23.3645', '32'),
('118.785,32.0453', '88'),
('111.575,22.7744', '99'),
('116.053,27.7616', '51'),
('119.766,32.0882', '5'),
('118.477,36.6799', '73'),
('120.498,31.9916', '62'),
('116.01,28.6701', '98'),
('118.352,34.3661', '62'),
('115.787,25.5966', '6'),
('120.431,31.9499', '29'),
('117.963,35.2613', '38'),
('115.224,40.3881', '30'),
('119.512,35.4086', '36'),
('120.653,31.3051', '45'),
('118.783,32.0425', '51'),
('117.732,34.3576', '48'),
('120.896,28.0451', '50'),
('114.741,40.7739', '10'),
('120.555,31.2874', '37'),
('119.596,39.9494', '6'),
('112.414,34.6107', '84'),
('108.608,34.1082', '29'),
('112.473,34.6812', '23'),
('120.869,31.461', '99'),
('102.835,29.7972', '0'),
('117.961,34.3102', '21'),
('86.1724,41.7038', '34'),
('114.895,40.764', '70'),
('120.879,31.453', '20'),
('114.379,36.366', '32'),
('120.727,31.3195', '40'),
('114.04,32.9751', '62'),
('120.049,29.3156', '98'),
('120.751,30.7581', '62'),
('114.723,41.144', '79'),
('118.622,24.7206', '6'),
('113.651,22.8686', '58'),
('120.31,32.856', '89'),
('113.98,33.99', '39'),
('114.803,36.5499', '85'),
('119.949,31.6749', '2'),
('115.135,27.2138', '30'),
('112.39,34.6606', '79'),
('114.523,36.6165', '68'),
('114.51,36.7627', '54'),
('120.182,30.4774', '7'),
('112.406,34.6455', '40'),
('120.217,30.1969', '42'),
('119.913,28.4552', '11'),
('122.544,42.3844', '42'),
('118.15,39.6375', '42'),
('119.965,31.6729', '42'),
('121.799,29.8867', '7'),
('114.499,36.5985', '47'),
('121.888,29.4626', '1'),
('119.573,28.1085', '3'),
('117.068,30.5388', '94'),
('114.028,33.3836', '6'),
('120.896,30.9468', '59'),
('118.154,39.6306', '56'),
('121.843,29.9073', '84'),
('110.363,20.0075', '76'),
('114.316,30.3474', '19'),
('122.124,30.0163', '81'),
('120.161,30.2619', '93'),
('120.598,29.9687', '91'),
('111.511,36.0837', '57'),
('121.415,29.6684', '16'),
('121.126,28.851', '76'),
('116.366,27.9809', '100'),
('112.581,30.6986', '70'),
('119.444,32.7787', '48'),
('116.852,38.325', '39'),
('124.877,48.4828', '29'),
('120.162,30.2461', '3'),
('113.829,30.6411', '14'),
('115.497,33.8566', '1'),
('121.165,27.8176', '33'),
('120.752,30.7641', '96'),
('114.298,30.5397', '43'),
('120.141,30.3179', '17'),
('122.324,29.9637', '61'),
('94.6671,40.1414', '92'),
('103.878,36.042', '75'),
('112.915,28.8485', '32'),
('118.897,32.0367', '40'),
('114.351,30.5181', '100'),
('105.703,34.5691', '95'),
('114.332,30.4809', '31'),
('120.143,30.312', '72'),
('120.766,30.749', '79'),
('118.951,25.1163', '34'),
('118.65,24.7325', '96'),
('120.158,30.2964', '76'),
('118.251,25.4928', '88'),
('120.89,30.9454', '95'),
('120.464,30.2944', '56'),
('114.516,36.6372', '67'),
('97.8646,24.0076', '71'),
('118.19,24.4811', '36'),
('110.368,20.0271', '76'),
('114.285,30.6044', '29'),
('102.758,24.9573', '66'),
('102.855,36.3491', '3'),
('104.11,35.85', '38'),
('119.402,41.244', '24'),
('118.695,25.3562', '69'),
('118.082,24.454', '6'),
('121.161,41.1219', '34'),
('118.133,24.4954', '26'),
('120.481,30.0709', '8'),
('131.147,46.6537', '97'),
('124.402,41.2729', '92'),
('120.539,27.823', '33'),
('112.979,22.4628', '41'),
('119.557,26.4882', '28'),
('120.061,29.3093', '79'),
('118.476,25.1269', '18'),
('120.724,31.3283', '88'),
('118.914,25.1248', '7'),
('113.896,29.7314', '79'),
('122.43,41.3819', '52'),
('120.206,30.293', '99'),
('122.972,41.0837', '22'),
('106.551,29.5595', '8'),
('103.278,24.7551', '38'),
('116.848,38.3096', '30'),
('122.994,41.1122', '13'),
('109.196,34.7527', '40'),
('108.937,34.3333', '76'),
('108.977,34.2354', '87'),
('119.294,26.0621', '10'),
('108.912,34.2296', '66'),
('118.159,24.4875', '31'),
('107.521,26.2607', '78'),
('101.792,36.62', '76'),
('104.988,29.1826', '57'),
('102.733,25.1063', '48'),
('118.158,24.725', '75'),
('118.15,24.7204', '69'),
('121.646,41.9848', '25'),
('101.772,36.6314', '10'),
('118.148,24.7216', '30'),
('108.999,34.2307', '52'),
('111.445,40.5207', '53'),
('111.68,40.8485', '55'),
('126.674,45.7568', '99'),
('109.003,34.2486', '4'),
('118.652,24.9401', '82'),
('114.27,30.5806', '43'),
('102.399,36.4781', '44'),
('118.608,25.1078', '73'),
('126.624,45.6983', '47'),
('125.689,42.5311', '35'),
('111.674,40.7538', '97'),
('118.147,24.7125', '67'),
('108.727,34.3498', '65'),
('106.669,26.4197', '19'),
('112.541,28.2544', '10'),
('118.095,24.5897', '65'),
('101.742,36.6384', '98'),
('121.405,31.2667', '53'),
('121.483,31.2579', '57'),
('121.499,31.3749', '81'),
('102.724,25.0673', '0'),
('121.37,31.1771', '47'),
('122.349,42.951', '98'),
('107.537,25.8221', '26'),
('100.191,25.9062', '69'),
('106.468,29.5566', '60'),
('119.097,25.3001', '0'),
('121.419,30.7799', '61'),
('109.828,40.6147', '45'),
('108.833,34.5271', '8'),
('107.295,34.3366', '15'),
('118.124,24.4278', '92'),
('124.834,43.5084', '70'),
('128.329,45.4532', '22'),
('121.421,31.2558', '63'),
('100.826,21.9939', '59'),
('126.573,43.8449', '92'),
('108.873,34.2373', '16'),
('115.489,33.8642', '14'),
('124.873,47.1863', '3'),
('106.566,31.0749', '69'),
('113.569,41.558', '64'),
('125.327,43.9077', '40'),
('125.748,42.2831', '48'),
('101.768,36.6513', '95'),
('126.584,43.85', '81'),
('125.246,43.8417', '77'),
('103.391,23.365', '49'),
('121.45,31.2831', '60'),
('121.471,31.2043', '35'),
('106.087,30.7868', '45'),
('121.428,31.1975', '71'),
('98.5878,24.4376', '70'),
('126.039,42.6803', '84'),
('104.08,30.6395', '44'),
('106.033,27.0252', '53'),
('103.509,30.1902', '84'),
('126.678,45.7632', '8'),
('116.341,40.0589', '5'),
('104.401,30.8649', '52'),
('121.423,31.198', '91'),
('123.929,47.3458', '45'),
('104.677,31.0459', '89'),
('104.163,30.6153', '16'),
('116.444,39.9186', '26'),
('116.334,40.0394', '12'),
('125.318,43.8659', '15'),
('102.75,25.128', '10'),
('104.254,30.8823', '95'),
('124.878,46.6186', '63'),
('121.337,30.7458', '11'),
('123.496,43.5204', '6'),
('126.605,42.0806', '70'),
('100.95,25.343', '88'),
('126.642,45.757', '20'),
('104.412,31.1108', '54'),
('116.428,39.8451', '16'),
('116.495,39.8038', '13'),
('116.275,39.8466', '79'),
('104.261,30.8831', '88'),
('100.515,25.0393', '11'),
('110.001,38.6326', '92'),
('115.903,39.572', '67'),
('116.409,40.0659', '2'),
('116.445,39.9365', '59'),
('101.75,36.664', '65'),
('118.112,24.4753', '10'),
('101.762,36.6319', '93'),
('121.492,31.2229', '96'),
('116.347,40.0482', '12'),
('115.98,39.6471', '10'),
('116.455,39.9432', '67'),
('116.43,40.0382', '27'),
('116.455,39.9377', '67'),
('131.873,45.5457', '52'),
('116.335,39.9638', '24'),
('126.654,45.7229', '26'),
('106.931,30.3387', '14'),
('116.431,39.9814', '48'),
('104.158,30.8347', '68'),
('116.394,39.9413', '31'),
('124.002,47.3312', '60'),
('121.456,31.2292', '91'),
('116.607,39.9303', '90'),
('116.296,39.8731', '77'),
('116.302,40.0555', '87'),
('106.894,30.4958', '56'),
('116.456,39.8911', '66'),
('125.146,46.5826', '99'),
('124.345,43.1722', '90'),
('102.438,24.8948', '87'),
('127.156,44.9154', '62'),
('116.592,40.0465', '23'),
('103.622,30.9968', '30'),
('104.11,30.6289', '87'),
('116.478,39.9894', '24'),
('116.289,39.8729', '74'),
('116.356,39.8886', '7'),
('116.417,39.8058', '52'),
('116.461,39.9151', '4'),
('105.16,31.6337', '6'),
('103.986,30.5819', '55'),
('116.308,39.9665', '66'),
('116.538,39.9357', '24'),
('116.286,40.0978', '79'),
('125.316,43.8712', '61'),
('116.595,40.0476', '16'),
('103.924,30.5649', '15'),
('116.365,39.8441', '47'),
('102.403,36.4782', '95'),
('117.235,39.1542', '99'),
('116.566,39.8934', '3'),
('121.445,31.3215', '89'),
('116.459,39.905', '21'),
('116.417,39.9418', '100'),
('105.44,31.0131', '16'),
('116.42,39.8863', '97'),
('100.253,25.5933', '77'),
('116.43,39.9889', '46'),
('104.057,30.7331', '74'),
('116.496,39.7972', '50'),
('117.696,39.0502', '90'),
('116.558,39.7268', '6'),
('117.245,32.0049', '78'),
('116.315,39.9653', '45'),
('106.276,38.4371', '9'),
('119.3,26.0845', '25'),
('116.436,39.8604', '36'),
('117.797,30.9388', '40'),
('121.454,31.201', '26'),
('116.82,30.7628', '97'),
('103.831,30.0394', '87'),
('116.516,39.9303', '8'),
('117.222,39.0965', '30'),
('117.283,31.8612', '51'),
('117.205,39.1129', '11'),
('117.117,39.0592', '63'),
('116.362,39.9533', '93'),
('118.132,24.5178', '80'),
('104.424,29.4554', '96'),
('116.484,39.9906', '5'),
('117.213,32.9733', '80'),
('117.485,33.9008', '76'),
('116.261,39.9039', '95'),
('117.888,33.4754', '2'),
('118.485,35.5421', '39'),
('116.473,39.9093', '54'),
('116.445,39.8928', '43'),
('106.335,30.398', '3'),
('117.215,39.1229', '49'),
('118.328,35.078', '11'),
('116.979,32.6222', '15'),
('116.586,35.4052', '67'),
('116.377,39.9225', '65'),
('117.18,39.1354', '67'),
('104.18,31.1281', '55'),
('118.22,37.0919', '92'),
('117.962,36.6454', '80'),
('121.45,37.4794', '4'),
('126.581,43.8584', '49'),
('103.679,30.9984', '14'),
('112.566,37.8648', '31'),
('120.444,36.398', '55'),
('117.868,36.5149', '97'),
('116.438,39.8684', '19'),
('116.686,35.6472', '19'),
('117.166,39.1372', '13'),
('115.866,32.9114', '54'),
('125.672,42.5327', '43'),
('116.594,35.4226', '71'),
('117.585,37.6368', '36'),
('116.597,35.4113', '55'),
('117.509,37.491', '81'),
('121.482,31.2238', '12'),
('120.388,36.1409', '35'),
('107.515,31.2047', '38'),
('120.031,36.2592', '27'),
('117.141,36.1892', '42'),
('118.286,36.7912', '8'),
('103.971,30.5672', '79'),
('106.183,38.4851', '49'),
('102.578,24.9244', '68'),
('115.97,36.4593', '4'),
('118.018,36.8293', '59'),
('107.217,30.736', '41'),
('120.032,36.293', '45'),
('118.344,35.1135', '30'),
('107.512,31.1995', '11'),
('115.988,36.4677', '46'),
('120.41,36.3', '84'),
('121.453,37.4789', '63'),
('116.392,39.9417', '95'),
('120.426,36.1584', '13'),
('117.219,39.1392', '12'),
('125.305,43.8928', '33'),
('116.001,40.4658', '71'),
('119.996,36.3877', '6'),
('118.18,36.1865', '0'),
('111.806,36.3082', '48'),
('117.811,30.9445', '35'),
('117.209,37.7318', '21'),
('122.426,36.8922', '90'),
('103.909,30.5798', '15'),
('120.414,36.1111', '11'),
('120.41,36.2944', '86'),
('115.482,33.308', '36'),
('116.316,37.4495', '73'),
('116.095,35.3749', '81'),
('112.972,39.0681', '14'),
('115.999,36.4434', '0'),
('117.015,32.6485', '11'),
('113.622,23.0039', '93'),
('115.72,36.8348', '26'),
('121.35,31.1327', '6'),
('117.166,35.1035', '36'),
('112.518,37.8882', '22'),
('116.948,35.3252', '16'),
('113.312,22.5161', '28'),
('118.327,35.0803', '66'),
('113.815,23.1006', '77'),
('116.59,35.4076', '78'),
('120.413,36.1291', '88'),
('104.23,23.3841', '4'),
('117.048,30.5045', '56'),
('111.692,36.2529', '58'),
('118.514,31.6796', '71'),
('116.686,30.1402', '1'),
('120.369,36.058', '18'),
('116.371,23.5432', '73'),
('113.024,22.592', '57'),
('119.189,36.4188', '1'),
('120.273,36.3376', '82'),
('114.316,23.0098', '99'),
('113.662,22.9269', '90'),
('115.802,32.8958', '12'),
('114.136,22.5817', '38'),
('113.926,22.9813', '86'),
('121.513,31.2748', '45'),
('104.067,30.759', '10'),
('116.311,39.9941', '55'),
('116.367,39.9671', '45'),
('111.848,21.5715', '27'),
('104.311,24.8877', '10'),
('113.462,22.5408', '23'),
('114.938,24.4387', '44'),
('111.608,21.7619', '27'),
('113.188,22.6127', '91'),
('113.744,23.029', '27'),
('116.769,33.919', '83'),
('116.226,36.8688', '2'),
('114.089,22.5471', '60'),
('116.249,36.3317', '21'),
('111.787,37.2825', '67'),
('117.537,32.9109', '45'),
('114.453,23.0927', '100'),
('114.417,23.0757', '45'),
('115.86,32.8935', '10'),
('120.422,36.0829', '51'),
('118.382,31.3143', '87'),
('81.6712,36.8557', '73'),
('113.882,22.5762', '98'),
('115.101,35.2921', '32'),
('116.212,33.4951', '18'),
('110.552,22.8591', '34'),
('120.351,36.091', '29'),
('115.993,36.441', '44'),
('118.752,32.0523', '31'),
('121.217,31.6027', '40'),
('117.816,39.2513', '39'),
('118.228,33.4582', '39'),
('118.399,37.0603', '79'),
('113.739,22.9997', '72'),
('113.928,22.5128', '1'),
('104.421,29.4465', '15'),
('114.043,22.5646', '0'),
('114.757,22.6956', '66'),
('113.274,22.8418', '14'),
('120.978,31.4137', '69'),
('113.752,23.0205', '48'),
('121.266,31.5141', '17'),
('113.133,23.0286', '62'),
('116.83,35.5491', '70'),
('120.742,31.3144', '24'),
('120.142,32.5022', '4'),
('118.75,30.9508', '48'),
('119.441,32.1894', '13'),
('105.383,30.8785', '0'),
('120.151,33.3633', '45'),
('118.195,33.9626', '74'),
('119.85,32.0874', '99'),
('114.346,22.6905', '10'),
('118.379,31.3953', '63'),
('119.98,31.7945', '96'),
('113.258,22.7579', '44'),
('106.61,23.3202', '40'),
('117.647,35.5096', '73'),
('120.284,32.0131', '9'),
('116.33,39.8136', '36'),
('102.544,24.3533', '24'),
('112.821,39.5277', '62'),
('118.838,32.3465', '92'),
('113.121,22.597', '38'),
('111.075,25.9298', '25'),
('121.448,31.312', '70'),
('114.384,23.0974', '60'),
('120.387,30.9487', '50'),
('117.556,33.3203', '97'),
('116.705,23.3547', '15'),
('119.132,33.506', '27'),
('114.438,23.0979', '8'),
('115.097,29.2592', '0'),
('116.044,29.451', '80'),
('115.01,38.5071', '80'),
('113.663,22.9059', '23'),
('120.001,36.2843', '5'),
('118.626,33.9071', '86'),
('120.123,33.3659', '48'),
('119.131,34.8482', '21'),
('120.177,33.3482', '44'),
('114.207,22.6476', '100'),
('121.422,31.1865', '63'),
('103.486,29.6026', '35'),
('114.868,25.7537', '33'),
('116.715,39.5147', '27'),
('114.508,36.6051', '2'),
('120.621,31.2724', '33'),
('119.032,33.5984', '73'),
('120.178,33.3446', '64'),
('119.029,33.6312', '23'),
('114.419,23.1237', '2'),
('114.128,27.6928', '75'),
('118.858,33.3034', '70'),
('113.17,23.0353', '56'),
('120.611,31.3291', '52'),
('121.194,31.0346', '23'),
('121.448,31.2077', '87'),
('119.009,33.6065', '26'),
('113.818,34.0299', '57'),
('113.817,34.024', '52'),
('119.518,39.9077', '37'),
('120.328,32.847', '1'),
('112.717,38.7162', '29'),
('114.477,36.6', '5'),
('112.904,33.7384', '19'),
('114.514,37.7556', '7'),
('100.226,25.6052', '94'),
('116.789,40.0243', '56'),
('118.591,37.4486', '86'),
('121.553,31.1807', '78'),
('114.418,23.0709', '43'),
('121.436,31.1316', '94'),
('117.277,34.287', '54'),
('112.097,32.699', '85'),
('115.545,28.0604', '6'),
('119.777,33.4641', '9'),
('114.866,33.7346', '83'),
('120.066,29.3492', '34'),
('120.567,32.3926', '39'),
('120.959,28.115', '14'),
('120.25,29.7181', '41'),
('120.023,30.2095', '26'),
('113.824,22.9845', '19'),
('114.927,27.8184', '83'),
('120.028,30.219', '76'),
('115.891,39.3264', '29'),
('120.51,30.075', '18'),
('119.566,39.932', '32'),
('120.618,31.3118', '75'),
('113.982,26.9981', '44'),
('118.705,39.7449', '60'),
('120.123,36.0078', '46'),
('120.58,29.9941', '56'),
('114.41,30.4767', '20'),
('121.036,29.1445', '61'),
('113.799,34.0236', '21'),
('110.361,20.0368', '15'),
('114.342,30.524', '42'),
('120.705,28.0012', '0'),
('114.295,35.7451', '83'),
('114.172,36.7025', '97'),
('121.523,31.213', '62'),
('118.328,35.0819', '41'),
('119.908,28.4529', '7'),
('116.176,24.6588', '95'),
('119.018,33.0196', '69'),
('112.559,28.2548', '29'),
('114.254,30.6141', '98'),
('103.624,36.0907', '18'),
('121.139,30.0551', '94'),
('112.556,28.2572', '49'),
('120.385,36.091', '7'),
('117.688,39.0336', '43'),
('115.615,33.1747', '64'),
('111.763,29.651', '7'),
('118.119,24.4278', '90'),
('111.78,37.2666', '55'),
('105.894,34.5447', '99'),
('113.878,22.5688', '70'),
('113.833,30.6486', '60'),
('114.673,35.1928', '11'),
('119.043,33.5602', '55'),
('118.245,24.6203', '72'),
('115.667,32.175', '10'),
('110.465,19.2274', '79'),
('114.54,37.7453', '9'),
('119.376,25.7286', '73'),
('120.292,30.164', '80'),
('106.288,38.7381', '12'),
('105.946,26.2461', '0'),
('118.586,24.8164', '91'),
('111.605,26.45', '56'),
('120.971,28.1215', '63'),
('118.081,24.4534', '84'),
('120.493,27.8431', '84'),
('106.819,35.1109', '24'),
('102.486,34.5909', '48'),
('120.776,41.7985', '86'),
('106.938,27.7023', '13'),
('118.588,24.8948', '34'),
('121.518,42.2852', '99'),
('111.856,29.8342', '66'),
('113.881,35.284', '65'),
('106.927,27.6793', '93'),
('120.124,30.2875', '9'),
('112.793,34.7262', '74'),
('119.591,26.6593', '2'),
('120.341,30.3271', '30'),
('118.187,26.1684', '92'),
('106.936,27.7068', '22'),
('106.976,26.4528', '94'),
('119.585,25.8146', '100'),
('107.4,29.6937', '62'),
('117.632,37.7401', '28'),
('107.191,27.951', '53'),
('118.168,26.6483', '9'),
('107.402,29.6967', '6'),
('109.404,25.2144', '29'),
('112.565,37.8712', '89'),
('125.353,41.2681', '24'),
('106.564,29.6301', '40'),
('121.135,41.1197', '16'),
('114.423,35.0327', '93'),
('106.278,29.9665', '57'),
('103.258,36.7375', '96'),
('113.104,29.3694', '73'),
('108.97,34.2814', '42'),
('120.081,30.2823', '98'),
('107.384,29.701', '83'),
('110.194,36.8774', '94'),
('108.393,30.7852', '80'),
('118.594,24.9114', '70'),
('107.76,34.2715', '47'),
('108.23,34.16', '12'),
('113.129,22.8496', '11'),
('119.671,25.9471', '41'),
('106.924,28.9604', '74'),
('94.9096,36.3966', '49'),
('100.453,38.9385', '74'),
('121.125,41.0825', '15'),
('111.706,40.8184', '49'),
('119.748,49.2138', '64'),
('113.268,22.8347', '49'),
('106.772,26.6306', '72'),
('125.126,46.5895', '23'),
('109.473,36.5465', '34'),
('118.048,36.807', '80'),
('106.596,29.6845', '84'),
('109.837,40.6198', '34'),
('105.61,29.4069', '37'),
('106.629,29.7372', '97'),
('126.687,45.7434', '37'),
('122.531,42.3856', '84'),
('121.396,28.576', '69'),
('132.039,47.2517', '17'),
('120.095,30.281', '32'),
('109.491,36.5952', '67'),
('109.193,34.648', '79'),
('120.55,27.5981', '69'),
('129.469,44.3408', '95'),
('119.646,27.0729', '55'),
('106.46,29.5577', '29'),
('114.288,30.584', '48'),
('116.118,38.4446', '31'),
('110.154,22.6291', '70'),
('122.747,48.0063', '79'),
('112.215,31.0423', '70'),
('105.925,29.3631', '78'),
('113.111,41.0401', '80'),
('118.127,24.4721', '50'),
('102.708,24.9928', '69'),
('106.411,27.8113', '71'),
('122.067,46.0776', '23'),
('121.418,31.2718', '63'),
('131.127,46.7309', '18'),
('102.696,25.0411', '66'),
('106.913,27.7073', '43'),
('116.416,40.0705', '14'),
('101.681,36.9466', '66'),
('116.439,39.9266', '95'),
('101.959,38.2461', '13'),
('105.354,24.7738', '1'),
('129.615,44.5761', '60'),
('102.748,24.9576', '23'),
('107.109,29.1461', '48'),
('113.55,22.2371', '0'),
('112.604,35.0547', '35'),
('108.605,23.4359', '77'),
('110.256,37.4996', '57'),
('125.304,43.8935', '93'),
('118.733,30.1325', '100'),
('121.414,31.2371', '21'),
('102.706,25.0371', '96'),
('116.31,39.9843', '48'),
('113.204,22.9011', '16'),
('102.698,25.0432', '73'),
('124.385,40.1151', '50'),
('127.502,50.25', '18'),
('114.096,22.8392', '71'),
('129.564,44.5858', '59'),
('107.517,26.259', '85'),
('124.818,45.1784', '56'),
('110.272,37.4942', '77'),
('105.583,30.5026', '99'),
('103.18,26.0804', '20'),
('129.613,44.5904', '41'),
('104.048,30.5129', '5'),
('118.128,24.4631', '80'),
('105.05,29.5987', '3'),
('104.309,30.6031', '12'),
('111.683,40.8201', '33'),
('122.078,46.078', '61'),
('122.08,46.0815', '72'),
('106.642,30.4552', '15'),
('127.486,42.1694', '34'),
('112.789,22.2512', '98'),
('126.051,42.688', '33'),
('104.153,29.9978', '34'),
('114.094,22.8165', '37'),
('124.837,45.1167', '52'),
('123.855,41.8675', '23'),
('104.65,28.763', '9'),
('117.256,31.8554', '50'),
('125.149,46.5268', '5'),
('129.621,44.5798', '53'),
('106.264,29.9757', '42'),
('117.125,39.1807', '59'),
('115.889,28.668', '72'),
('100.164,25.6959', '92'),
('116.545,39.7259', '22'),
('118.374,31.3459', '85'),
('106.931,27.7187', '32'),
('111.612,26.4389', '76'),
('121.411,28.6674', '60'),
('125.295,43.89', '29'),
('117.22,39.1952', '36'),
('121.454,37.4751', '31'),
('103.583,29.7427', '7'),
('104.186,30.8227', '19'),
('103.581,29.7351', '37'),
('120.723,36.9878', '46'),
('123.989,44.2786', '35'),
('116.574,30.6324', '21'),
('123.751,41.1063', '86'),
('104.675,28.8564', '89'),
('118.476,36.682', '35'),
('106.601,29.6882', '96'),
('113.288,22.4691', '72'),
('116.176,24.6583', '72'),
('116.654,34.9944', '99'),
('121.16,41.1091', '49'),
('120.402,37.3512', '62'),
('114.028,22.534', '31'),
('104.063,30.6025', '26'),
('112.173,35.6836', '48'),
('117.378,32.9467', '47'),
('116.703,39.9867', '96'),
('116.105,32.5411', '19'),
('121.531,36.9136', '55'),
('113.083,22.5533', '85'),
('105.758,34.623', '86'),
('121.383,28.407', '64'),
('116.776,23.4647', '20'),
('117.173,39.1377', '54'),
('121.587,37.3823', '57'),
('117.297,31.8397', '48'),
('116.843,23.4883', '75'),
('113.294,22.466', '48'),
('116.49,31.7437', '41'),
('113.155,29.3295', '87'),
('110.26,21.3774', '94'),
('113.024,22.8321', '14'),
('112.837,35.5055', '94'),
('113.32,22.4177', '6'),
('118.841,35.5786', '2'),
('114.033,22.5434', '48'),
('109.181,21.6544', '11'),
('111.223,21.7802', '99'),
('119.945,37.1856', '67'),
('110.66,24.6221', '4'),
('112.036,22.9158', '35'),
('115.472,35.2477', '97'),
('106.28,30.7769', '5'),
('119.949,37.1941', '85'),
('112.331,37.3488', '96'),
('104.034,30.6714', '18'),
('114.28,39.7649', '82'),
('113.554,22.2167', '32'),
('126.602,45.7387', '53'),
('112.395,23.0505', '88'),
('107.422,40.7591', '25'),
('110.321,25.2636', '43'),
('110.753,23.4715', '74'),
('116.809,34.0054', '62'),
('119.032,31.6476', '52'),
('111.141,37.5191', '99'),
('112.972,37.059', '2'),
('118.849,32.347', '83'),
('110.376,21.2751', '59'),
('110.355,22.692', '65'),
('104.49,29.7339', '71'),
('112.574,37.8944', '44'),
('118.355,33.933', '69'),
('112.51,37.889', '0'),
('126.613,45.7049', '96'),
('110.155,22.6348', '37'),
('126.631,45.6038', '65'),
('113.201,22.9184', '38'),
('116.984,35.578', '75'),
('120.305,31.5572', '74'),
('113.396,22.5158', '92'),
('119.89,31.4844', '92'),
('100.225,25.5869', '92'),
('120.001,31.8238', '43'),
('116.344,40.0468', '73'),
('113.874,22.564', '99'),
('104.083,30.6372', '14'),
('121.148,31.2903', '68'),
('112.566,23.158', '3'),
('108.323,22.8225', '94'),
('113.526,22.2687', '96'),
('113.553,22.2204', '74'),
('113.118,23.0352', '81'),
('118.851,32.0374', '45'),
('113.923,22.5026', '54'),
('120.379,31.5848', '94'),
('120.272,31.5726', '87'),
('120.687,31.2537', '50'),
('118.968,35.9815', '52'),
('112.439,23.0622', '38'),
('109.477,24.3654', '17'),
('108.321,22.8177', '62'),
('120.298,31.6511', '34'),
('108.346,22.7906', '95'),
('116.459,39.9596', '24'),
('108.289,22.8313', '50'),
('108.311,22.8376', '84'),
('108.322,22.8157', '41'),
('104.604,28.7875', '24'),
('112.693,23.3343', '31'),
('119.241,33.7579', '100'),
('104.646,28.7609', '79'),
('108.365,22.8052', '37'),
('114.938,27.8032', '40'),
('108.348,22.8235', '17'),
('117.986,28.4653', '46'),
('117.478,30.6635', '96'),
('120.127,30.2765', '57'),
('109.415,24.3375', '3'),
('120.356,33.4719', '37'),
('115.557,28.8371', '70'),
('108.354,22.7808', '78'),
('116.629,40.0276', '38'),
('118.845,32.0178', '25'),
('117.208,29.2929', '85'),
('118.638,35.7669', '91'),
('109.408,24.3114', '17'),
('115.682,37.7239', '99'),
('118.773,32.0666', '94'),
('121.561,31.2482', '85'),
('108.336,22.8145', '55'),
('118.527,31.6726', '86'),
('118.338,34.2783', '11'),
('115.813,38.4904', '36'),
('116.678,28.9906', '2'),
('117.252,29.3006', '33'),
('115.773,33.8678', '62'),
('118.533,32.9858', '7'),
('119.336,26.0241', '11'),
('111.795,30.8244', '36'),
('108.344,21.6136', '16'),
('113.807,22.7873', '66'),
('112.536,32.9937', '3'),
('117.216,29.2963', '63'),
('102.238,27.8933', '95'),
('115.968,28.6804', '57'),
('113.29,33.7177', '8'),
('114.375,38.3159', '82'),
('117.494,30.6429', '34'),
('116.923,27.2763', '2'),
('119.931,31.7686', '11'),
('113.579,22.2759', '50'),
('116.725,39.5287', '19'),
('114.463,38.077', '77'),
('115.682,37.7287', '25'),
('114.156,40.113', '93'),
('114.365,34.8114', '1'),
('121.071,32.0852', '43'),
('112.54,37.977', '74'),
('114.871,33.7165', '29'),
('112.465,34.616', '66'),
('121.827,29.899', '33'),
('108.327,22.8292', '82'),
('120.841,32.0093', '15'),
('103.836,30.6885', '15'),
('114.006,33.004', '83'),
('115.669,37.0483', '53'),
('121.71,29.9534', '7'),
('114.417,40.6712', '13'),
('87.5584,43.8345', '41'),
('120.376,31.5626', '60'),
('114.564,38.0202', '76'),
('120.575,27.9596', '37'),
('120.676,28.006', '85'),
('114.897,40.773', '33'),
('116.64,36.933', '53'),
('118.49,31.5534', '74'),
('114.568,38.1587', '58'),
('117.2,39.12', '64'),
('120.179,30.2738', '80'),
('115.865,39.0622', '25'),
('108.34,22.8271', '8'),
('120.824,32.0409', '84'),
('120.391,27.5036', '5'),
('120.327,31.5405', '92'),
('106.339,38.5505', '37'),
('114.502,38.026', '84'),
('117.271,39.2093', '23'),
('121.252,28.462', '79'),
('120.506,30.0885', '81'),
('120.403,36.3271', '89'),
('119.34,33.2321', '56'),
('117.217,29.3109', '26'),
('114.397,30.5068', '90'),
('120.745,32.0938', '55'),
('109.493,18.297', '42'),
('120.1,30.8657', '53'),
('114.297,30.5854', '89'),
('114.191,30.5296', '8'),
('120.896,29.1542', '67'),
('115.197,38.1885', '84'),
('119.957,31.7175', '36'),
('112.528,32.9906', '32'),
('111.998,27.7523', '6'),
('114.796,38.4039', '36'),
('114.867,30.6346', '22'),
('114.367,36.1141', '3'),
('119.949,31.7809', '2'),
('112.215,25.9089', '93'),
('112.569,37.8308', '89'),
('112.312,22.1801', '100'),
('114.296,35.7409', '17'),
('118.207,39.7103', '90'),
('121.169,28.854', '57'),
('119.019,33.0188', '90'),
('93.5274,42.8332', '69'),
('89.185,42.9557', '18'),
('119.94,31.7948', '23'),
('119.827,32.2379', '50'),
('118.595,24.895', '73'),
('114.351,34.7875', '19'),
('114.599,38.013', '89'),
('118.073,39.8537', '39'),
('119.948,31.7809', '24'),
('114.52,30.5394', '72'),
('113.546,22.2105', '63'),
('119.351,26.0657', '47'),
('117.02,25.0342', '85'),
('105.936,26.2454', '86'),
('120.091,30.882', '87'),
('115.669,37.0714', '19'),
('120.349,30.5809', '85'),
('119.9,29.4527', '26'),
('106.743,26.5767', '57'),
('119.093,25.4387', '96'),
('111.741,27.2539', '68'),
('120.213,31.6014', '63'),
('105.934,26.2469', '61'),
('122.378,40.7739', '45'),
('106.595,29.596', '34'),
('118.781,32.0356', '7'),
('103.827,30.6912', '84'),
('103.988,30.5744', '79'),
('111.594,26.462', '1'),
('106.712,26.5863', '40'),
('119.802,40.8116', '41'),
('120.238,29.2793', '90'),
('111.311,30.6931', '19'),
('106.727,26.5898', '46'),
('120.066,29.3093', '27'),
('119.106,25.452', '22'),
('112.004,21.8678', '51'),
('114.494,38.0245', '86'),
('121.007,31.3746', '25'),
('113.487,22.2241', '24'),
('105.772,26.6724', '6'),
('111.688,40.848', '56'),
('102.11,36.4998', '13'),
('109.959,39.8113', '51'),
('119.766,49.215', '23'),
('106.525,29.5234', '36'),
('119.201,25.487', '56'),
('113.969,22.5314', '1'),
('108.93,34.26', '25'),
('131.138,46.7406', '5'),
('117.255,29.3644', '82'),
('110.529,40.5719', '12'),
('121.485,31.2929', '69'),
('101.689,36.5435', '48'),
('111.691,40.8556', '69'),
('106.063,29.8372', '50'),
('119.933,31.7663', '33'),
('108.958,34.3105', '71'),
('118.699,33.7114', '80'),
('106.576,29.5572', '25'),
('116.429,39.8638', '52'),
('121.471,31.2015', '3'),
('106.303,31.2638', '94'),
('116.414,39.9647', '65'),
('126.553,43.8411', '37'),
('118.891,28.9482', '38'),
('109.74,28.3151', '43'),
('114.316,30.5096', '82'),
('104.759,29.3514', '4'),
('106.318,29.4187', '27'),
('111.29,30.7071', '89'),
('120.637,28.0398', '71'),
('124.323,40.0722', '82'),
('121.962,39.4061', '49'),
('113.647,43.8517', '76'),
('119.327,26.0732', '4'),
('118.4,31.307', '75'),
('117.001,33.6141', '31'),
('117.472,31.887', '18'),
('115.22,22.8973', '45'),
('126.655,45.7553', '94'),
('116.334,40.0825', '0'),
('118.647,34.9102', '16'),
('121.444,31.3141', '77'),
('111.289,30.6945', '7'),
('116.793,33.9723', '9'),
('109.907,40.5783', '27'),
('123.467,48.1307', '40'),
('108.901,34.2349', '99'),
('121.497,31.2617', '73'),
('104.082,30.6118', '9'),
('119.708,32.1437', '20'),
('103.011,29.9832', '18'),
('119.096,36.7178', '52'),
('116.7,24.3602', '95'),
('117.15,39.1621', '74'),
('114.275,30.589', '57'),
('114.5,38.0223', '69'),
('113.41,35.3662', '70'),
('106.547,29.6024', '95'),
('116.376,23.5554', '89'),
('114.349,22.6891', '34'),
('104.716,31.4579', '77'),
('111.31,30.726', '26'),
('108.31,22.8452', '55'),
('114.476,22.7825', '84'),
('114.666,36.4439', '3'),
('116.359,40.1162', '85'),
('119.575,31.9911', '21'),
('113.509,22.2241', '32'),
('116.107,24.2973', '14'),
('122.265,40.6751', '1'),
('121.514,31.1938', '95'),
('117.548,34.8398', '82'),
('122.11,30.0147', '28'),
('119.188,36.7626', '27'),
('113.862,23.1225', '22'),
('125.322,43.8427', '78'),
('120.171,35.9858', '94'),
('118.877,39.889', '59'),
('100.558,25.4803', '45'),
('117.945,33.9095', '21'),
('117.241,34.2563', '49'),
('118.36,35.0514', '8'),
('120.603,31.3156', '60'),
('116.454,36.2851', '65'),
('119.912,31.8099', '53'),
('129.595,44.5897', '59'),
('120.633,31.3001', '94'),
('115.846,27.4218', '17'),
('120.425,36.1569', '11'),
('116.626,23.6634', '56'),
('109.616,23.0954', '33'),
('117.283,31.8612', '61'),
('114.477,37.8355', '42'),
('119.61,39.9326', '6'),
('120.267,31.9072', '12'),
('119.103,36.7031', '92'),
('116.125,24.2877', '33'),
('112.312,22.1849', '21'),
('114.637,38.151', '83'),
('119.151,36.7138', '11'),
('117.973,28.4166', '89'),
('116.419,39.9184', '75'),
('113.239,22.6733', '80'),
('121.582,29.8291', '56'),
('81.3213,43.9253', '65'),
('119.954,31.7817', '33'),
('120.59,30.0986', '34'),
('109.658,18.2327', '79'),
('114.058,22.5665', '2'),
('117.076,28.6849', '43'),
('116.545,31.8373', '54'),
('120.44,33.2013', '40'),
('112.983,34.7439', '95'),
('110.348,20.0437', '70'),
('115.315,38.42', '9'),
('112.937,28.222', '1'),
('120.431,31.9574', '96'),
('118.119,24.5352', '84'),
('116.47,39.8681', '30'),
('114.36,30.6166', '75'),
('114.517,36.8749', '50'),
('112.992,28.0707', '44'),
('120.316,32.8453', '63'),
('114.639,32.9589', '54'),
('119.182,31.1341', '89'),
('103.824,30.6815', '43'),
('112.974,28.1913', '18'),
('118.611,24.9065', '55'),
('120.077,28.647', '92'),
('118.691,40.0078', '54'),
('112.838,32.6809', '75'),
('119.319,25.7031', '84'),
('119.176,31.58', '26'),
('114.536,37.7664', '52'),
('112.989,28.1902', '91'),
('120.635,31.3566', '8'),
('113.514,28.4125', '36'),
('120.323,31.5093', '40'),
('113.001,28.1776', '78'),
('118.662,34.0397', '44'),
('113,28.1394', '52'),
('117.031,25.0646', '36'),
('120.009,31.6234', '9'),
('120.385,30.3115', '70'),
('102.639,37.9327', '61'),
('117.918,28.442', '85'),
('105.712,29.705', '88'),
('112.987,28.1772', '3'),
('112.982,28.221', '15'),
('121.117,41.1217', '35'),
('122.991,41.083', '22'),
('122.074,41.0787', '49'),
('111.867,34.7488', '96'),
('108.924,34.2472', '44'),
('120.22,31.5504', '20'),
('120.866,30.0143', '10'),
('101.69,36.9459', '35'),
('126.652,45.7671', '29'),
('119.947,30.2592', '41'),
('112.872,28.2069', '48'),
('109.486,30.2818', '92'),
('121.361,31.2423', '93'),
('112.911,28.2195', '44'),
('121.461,31.2735', '95'),
('121.417,31.2196', '36'),
('113.01,28.1791', '81'),
('112.569,26.9065', '31'),
('116.667,39.8843', '78'),
('120.074,29.3016', '61'),
('126.559,43.8485', '94'),
('122.243,40.6604', '70'),
('116.456,39.8896', '63'),
('111.454,27.2209', '28'),
('130.719,47.0329', '4'),
('121.407,31.2048', '24'),
('112.96,28.2148', '17'),
('104.715,31.4541', '19'),
('116.061,27.7515', '0'),
('121.327,31.2466', '39'),
('116.275,40.1233', '89'),
('102.017,35.5211', '56'),
('118.37,31.3258', '42'),
('103.763,29.5606', '11'),
('117.891,30.9238', '84'),
('125.549,42.675', '87'),
('126.302,45.3624', '35'),
('115.453,35.2694', '54'),
('121.431,37.4552', '28'),
('116.65,36.9423', '8'),
('117.978,36.6526', '23'),
('110.014,40.5794', '78'),
('116.823,35.573', '89'),
('119.261,26.0473', '82'),
('116.826,39.9537', '51'),
('104.243,23.3829', '79'),
('118.061,36.828', '98'),
('114.228,22.6958', '96'),
('121.414,31.1066', '10'),
('106.484,29.539', '98'),
('121.527,31.0661', '33'),
('124.36,43.1547', '17'),
('119.3,26.1027', '31'),
('126.642,45.6899', '49'),
('114.114,22.5386', '1'),
('104.83,26.5914', '27'),
('112.995,28.1944', '69'),
('118.069,36.8316', '12'),
('110.298,25.2736', '0'),
('104.089,30.6189', '75'),
('122.12,30.0159', '41'),
('104.142,30.5575', '45'),
('119.953,31.6753', '32'),
('113.127,23.1105', '84'),
('86.0424,44.3044', '12'),
('111.5,36.07', '99'),
('117.449,34.4375', '50'),
('113.844,22.7666', '92'),
('115.788,33.8544', '100'),
('103.506,30.1869', '49'),
('113.798,22.7885', '17'),
('116.468,39.8745', '52'),
('114.905,33.4446', '38'),
('116.411,39.916', '79'),
('118.09,24.6006', '35'),
('115.85,28.681', '21'),
('120.964,31.3845', '52'),
('114.522,38.0563', '16'),
('121.077,31.968', '21'),
('118.705,40.0143', '87'),
('119.18,34.5882', '59'),
('120.041,32.1736', '49'),
('114.662,37.9009', '39'),
('122.096,37.5362', '97'),
('117.194,39.129', '89'),
('114.03,32.9894', '25'),
('117.853,36.7971', '70'),
('121.651,31.8154', '96'),
('112.591,37.8011', '69'),
('114.426,30.4429', '81'),
('118.032,36.816', '30'),
('115.899,28.6856', '39'),
('119.953,31.764', '59'),
('109.486,30.2816', '10'),
('113.428,30.3569', '53'),
('101.527,25.0603', '70'),
('114.374,30.5839', '67'),
('114.094,22.5384', '77'),
('119.989,31.8277', '88'),
('124.814,45.1836', '19'),
('114.334,30.348', '9'),
('125.342,43.8897', '79'),
('112.995,28.1548', '38'),
('114.509,37.0704', '33'),
('119.48,32.2095', '42'),
('118.042,36.811', '65'),
('112.938,28.1519', '46'),
('98.2999,39.779', '97'),
('103.873,36.0719', '25'),
('114.657,35.1841', '7'),
('109.613,25.7839', '82'),
('119.812,28.889', '65'),
('120.027,28.9054', '28'),
('104.096,30.5931', '16'),
('122.107,30.0196', '18'),
('120.516,31.3645', '97'),
('118.831,34.3101', '16'),
('121.011,30.686', '13'),
('112.532,27.7349', '94'),
('114.653,33.6154', '16'),
('113.813,29.2441', '88'),
('120.619,30.4137', '22'),
('106.677,26.5141', '72'),
('112.146,32.0299', '61'),
('111.321,27.732', '86'),
('114.019,32.967', '34'),
('122.852,45.6191', '69'),
('113.009,33.2503', '99'),
('120.456,41.5793', '72'),
('102.855,36.3412', '37'),
('120.687,27.9846', '56'),
('120.421,36.1545', '37'),
('114.302,30.5315', '22'),
('115.919,28.6812', '75'),
('115.256,33.0544', '15'),
('106.517,29.5106', '22'),
('112.526,27.7281', '8'),
('112.135,32.0446', '91'),
('106.577,29.555', '0'),
('120.86,40.72', '99'),
('105.603,27.1434', '93'),
('108.899,32.3107', '76'),
('119.829,30.0749', '92'),
('122.221,30.0708', '64'),
('116.814,38.5863', '66'),
('110.446,35.4698', '67'),
('122.521,40.6167', '0'),
('122.063,41.0123', '11'),
('121.265,38.8099', '6'),
('123.921,41.8673', '7'),
('109.094,35.0777', '22'),
('112.608,26.9004', '76'),
('105.972,26.2277', '9'),
('106.477,26.5584', '34'),
('115.31,34.0722', '77'),
('109.493,36.5991', '49'),
('113.04,28.1251', '98'),
('117.2,39.1228', '4'),
('120.675,27.99', '41'),
('106.525,29.5305', '69'),
('115.195,33.6446', '16'),
('107.401,29.7054', '99'),
('121.547,38.8777', '6'),
('112.589,31.1718', '34'),
('120.056,28.885', '0'),
('110.45,35.4798', '65'),
('120.841,29.9403', '99'),
('118.742,32.2254', '60'),
('113.398,34.5318', '53'),
('112.109,26.7867', '16'),
('112.94,22.5196', '51'),
('122.98,41.1156', '70'),
('119.915,28.4702', '17'),
('121.534,50.7797', '24'),
('108.981,34.9076', '39'),
('121.773,39.0524', '87'),
('113.163,27.8597', '34'),
('115.747,37.7268', '9'),
('121.543,38.924', '51'),
('123.183,41.2682', '55'),
('113.133,27.8334', '60'),
('106.226,29.5567', '92'),
('123.354,42.7389', '6'),
('123.466,41.8016', '74'),
('126.573,45.8916', '17'),
('123.468,41.8035', '90'),
('102.649,37.9274', '96'),
('111.48,35.6389', '97'),
('120.94,30.5032', '83'),
('109.391,24.3071', '54'),
('123.501,41.8237', '39'),
('111.873,29.5868', '23'),
('111.712,40.8239', '97'),
('123.46,41.7961', '23'),
('114.496,38.1298', '6'),
('112.381,24.7858', '78'),
('122.004,39.6473', '33'),
('123.459,41.7354', '94'),
('129.559,46.3164', '35'),
('123.369,41.7919', '96'),
('123.442,41.7979', '54'),
('120.713,27.9207', '50'),
('123.388,41.7482', '71'),
('123.468,41.802', '32'),
('102.7,25.0327', '50'),
('121.634,38.9169', '40'),
('121.647,38.8858', '65'),
('119.425,35.9938', '73'),
('119.653,29.1028', '55'),
('126.61,45.7214', '34'),
('121.562,38.8818', '70'),
('100.626,26.3065', '95'),
('109.733,38.2301', '39'),
('125.295,43.8606', '64'),
('130.574,45.752', '79'),
('124.003,47.3328', '28'),
('123.504,41.775', '54'),
('121.402,31.0293', '30'),
('115.074,35.7854', '47'),
('116.453,39.9095', '59'),
('105.023,29.5998', '21'),
('104.101,30.6076', '42'),
('97.3809,37.3499', '23'),
('123.375,41.8077', '76'),
('112.103,32.6896', '71'),
('104.739,31.4616', '69'),
('103.821,30.6869', '0'),
('123.34,41.7792', '29'),
('121.483,31.2589', '99'),
('121.477,31.2353', '40'),
('111.636,29.0777', '28'),
('126.524,43.8209', '54'),
('123.387,41.7834', '29'),
('110.317,20.023', '5'),
('112.513,40.5299', '23'),
('113.099,22.575', '48'),
('114.424,23.0651', '42'),
('121.718,39.1062', '56'),
('125.944,41.7299', '54'),
('123.458,41.7671', '42'),
('119.576,30.0932', '87'),
('112.946,28.1671', '73'),
('116.69,36.209', '48'),
('123.431,41.8072', '7'),
('102.534,24.3352', '53'),
('119.751,40.0043', '91'),
('119.9,29.4477', '15'),
('114.31,30.5751', '68'),
('114.842,38.0226', '17'),
('120.208,35.9587', '84'),
('120.759,30.7683', '89'),
('123.468,41.813', '2'),
('118.495,40.6123', '69'),
('119.948,37.1601', '2'),
('112.734,25.7458', '100'),
('130.579,45.7492', '66'),
('119.461,35.4241', '99'),
('114.854,38.0319', '91'),
('126.453,41.9516', '93'),
('116.776,35.9615', '14'),
('123.336,41.7978', '55'),
('117.085,36.6873', '39'),
('116.822,35.5597', '41'),
('117.028,36.659', '26'),
('123.377,41.7969', '20'),
('117.247,40.6554', '40'),
('121.424,28.6803', '93'),
('116.49,35.7229', '5'),
('119.941,30.044', '87'),
('123.399,41.7928', '12'),
('112.433,34.7541', '84'),
('123.443,41.85', '66'),
('123.379,41.7568', '63'),
('116.421,39.8557', '7'),
('116.989,36.6694', '9'),
('101.739,26.4967', '17'),
('113.206,22.9031', '18'),
('121.471,31.2326', '91'),
('104.083,30.6457', '74'),
('116.897,36.6706', '95'),
('112.356,34.9131', '59'),
('114.275,22.7285', '11'),
('114.312,30.5471', '40'),
('104.081,30.6052', '93'),
('119.911,30.9946', '79'),
('123.312,41.7961', '4'),
('118.07,36.8489', '16'),
('103.509,29.5913', '74'),
('123.471,41.8099', '79'),
('131.038,45.7706', '79'),
('113.594,37.865', '36'),
('114.253,22.7284', '25'),
('113.298,40.0886', '79'),
('114.315,30.4848', '58'),
('114.077,22.6842', '96'),
('131.023,45.7741', '95'),
('81.267,43.9236', '5'),
('112.835,35.5052', '90'),
('113.215,40.021', '60'),
('119.761,49.227', '60'),
('111.017,35.0442', '23'),
('116.356,23.5359', '15'),
('114.272,33.2534', '70'),
('119.169,36.7643', '73'),
('87.655,43.9597', '92'),
('103.866,30.7058', '78'),
('104.188,30.8307', '53'),
('101.962,30.0355', '3'),
('120.271,31.9194', '12'),
('120.258,31.9009', '66'),
('87.2893,43.8605', '100'),
('120.29,31.548', '57'),
('119.489,31.4354', '92'),
('117.159,37.3041', '28'),
('117.158,37.3035', '28'),
('110.003,39.8212', '87'),
('117.074,36.6716', '87'),
('108.947,34.2269', '57'),
('123.393,41.8288', '51'),
('120.658,27.781', '19'),
('123.191,41.2564', '92'),
('123.451,41.737', '80'),
('87.6356,43.8055', '78'),
('113.382,37.0783', '77'),
('117.141,39.1417', '9'),
('118.326,33.9524', '54'),
('101.712,26.5812', '53'),
('113.804,22.7207', '5'),
('119.063,31.6281', '15'),
('121.05,31.3828', '51'),
('114.361,30.6189', '32'),
('118.077,34.1797', '78'),
('120.896,30.9438', '5'),
('123.47,41.8029', '23'),
('121.105,31.445', '95'),
('115.689,41.664', '69'),
('116.85,36.5665', '7'),
('117.512,36.7074', '12'),
('108.981,34.3916', '58'),
('114.64,37.1045', '51'),
('114.53,38.0224', '31'),
('123.454,41.784', '94'),
('106.512,29.5385', '62'),
('120.136,33.3814', '41'),
('112.73,37.402', '63'),
('87.6133,43.8174', '12'),
('114.853,38.037', '12'),
('87.5866,43.8414', '87'),
('112.446,23.0461', '60'),
('117.203,29.3018', '12'),
('112.339,33.7002', '69'),
('114.388,34.0616', '38'),
('118.3,33.9524', '57'),
('116.033,25.8806', '40'),
('117.242,34.2562', '31'),
('112.233,33.0433', '57'),
('123.447,41.7945', '39'),
('118.478,34.3645', '100'),
('118.338,33.9476', '100'),
('113.551,34.8229', '96'),
('113.949,22.5849', '92'),
('113.302,34.8029', '96'),
('116.029,36.4516', '88'),
('120.303,31.5832', '55'),
('116.02,37.608', '93'),
('113.62,34.7066', '72'),
('114.365,36.1193', '95'),
('87.6413,43.7874', '92'),
('113.709,34.7599', '86'),
('112.615,26.8895', '77'),
('117.225,34.2739', '20'),
('119.966,30.5285', '44'),
('120.581,31.3829', '5'),
('113.6,34.7463', '4'),
('117.023,36.6345', '58'),
('122.136,37.477', '16'),
('113.683,34.7532', '43'),
('120.578,29.9907', '91'),
('113.674,34.8208', '69'),
('115.327,34.4543', '69'),
('101.549,25.0507', '44'),
('113.667,34.7509', '94'),
('115.53,38.8598', '41'),
('114.635,32.9537', '81'),
('120.679,27.9933', '23'),
('112.518,37.8774', '5'),
('113.561,34.8181', '79'),
('120.447,31.4817', '19'),
('120.093,29.3019', '40'),
('120.574,27.4836', '88'),
('123.081,41.2106', '89'),
('112.982,28.1941', '24'),
('114.904,30.3821', '21'),
('87.5953,43.7904', '34'),
('106.551,29.5627', '30'),
('112.133,32.0641', '78'),
('117.018,36.6766', '54'),
('114.363,30.8784', '47'),
('121.455,28.4746', '83'),
('113.053,28.2639', '44'),
('113.679,34.7253', '90'),
('119.145,33.501', '3'),
('117.525,36.7066', '91'),
('113.014,28.1977', '56'),
('114.891,30.3937', '60'),
('112.46,34.622', '86'),
('122.925,39.7846', '14'),
('119.284,26.0854', '3'),
('114.378,27.7794', '38'),
('106.568,29.5265', '82'),
('121.717,39.1033', '6'),
('124.105,42.78', '28'),
('113.534,34.7072', '95'),
('121.667,38.9164', '45'),
('120.128,30.2198', '31'),
('113.54,26.7783', '96'),
('120.758,30.8234', '23'),
('119.031,25.4384', '19'),
('106.566,29.5275', '88'),
('125.277,45.7059', '54'),
('120.406,27.511', '99'),
('106.863,34.8901', '52'),
('101.738,26.5958', '87'),
('113.7,34.7656', '59'),
('109.454,34.5045', '31'),
('104.046,30.5084', '78'),
('112.683,22.3596', '37'),
('87.5763,43.8694', '88'),
('120.258,30.1534', '18'),
('126.63,45.6005', '51'),
('103.823,36.0544', '18'),
('116.491,31.7584', '3'),
('123.453,41.7781', '4'),
('123.775,41.2877', '71'),
('113.659,34.7769', '92'),
('113.775,34.7767', '48'),
('126.609,45.768', '8'),
('122.2,30.2433', '52'),
('121.559,29.8705', '7'),
('112.578,26.8979', '81'),
('106.633,26.6033', '46'),
('126.686,45.789', '24'),
('121.145,31.4525', '67'),
('104.072,35.8111', '60'),
('121.414,29.658', '80'),
('113.162,27.8321', '62'),
('118.451,32.0309', '57'),
('121.441,31.2084', '39'),
('108.385,30.7979', '30'),
('118.806,25.0419', '46'),
('125.322,43.8311', '32'),
('109.593,27.9744', '10'),
('131.173,46.6339', '51'),
('118.144,24.5301', '14'),
('125.23,43.8419', '98'),
('104.612,28.7879', '78'),
('121.868,29.4595', '70'),
('106.099,30.7948', '11'),
('121.6,39.0179', '43'),
('81.3318,43.9227', '36'),
('121.166,41.1062', '52'),
('116.652,40.6289', '66'),
('120.877,30.0344', '14'),
('121.45,29.8587', '69'),
('116.468,39.8747', '76'),
('106.502,29.5904', '14'),
('121.59,38.9233', '55'),
('115.726,33.9936', '67'),
('122.239,40.6702', '52'),
('121.458,31.2568', '35'),
('121.506,31.2826', '70'),
('121.415,31.2699', '90'),
('116.793,33.9467', '93'),
('119.193,26.032', '19'),
('121.544,31.272', '42'),
('94.9026,36.3934', '87'),
('124.885,46.6323', '76'),
('103.669,30.6226', '51'),
('117.082,36.6845', '20'),
('103.81,36.05', '30'),
('117.288,31.885', '16'),
('113.754,34.4076', '83'),
('112.332,22.1995', '35'),
('121.449,31.0354', '100'),
('121.635,31.815', '49'),
('122.455,37.1575', '3'),
('119.321,35.1087', '61'),
('108.897,32.3111', '11'),
('106.518,29.5389', '80'),
('112.872,35.4781', '13'),
('100.97,22.7848', '98'),
('117.357,34.2878', '34'),
('113.601,28.1578', '24'),
('108.079,26.3846', '70'),
('113.282,23.1255', '15'),
('120.331,36.0804', '0'),
('94.9086,36.4049', '44'),
('113.326,23.1337', '83'),
('113.242,23.1472', '57'),
('107.508,31.2133', '7'),
('113.282,23.1346', '3'),
('113.578,23.516', '60'),
('121.55,36.9123', '73'),
('120.447,37.3746', '88'),
('113.449,23.095', '29'),
('118.124,24.4973', '75'),
('106.485,26.5568', '88'),
('120.412,36.1074', '58'),
('113.279,23.2333', '47'),
('113.279,23.0864', '27'),
('113.814,23.2753', '69'),
('109.906,40.5817', '56'),
('113.587,23.1128', '76'),
('113.322,23.096', '51'),
('116.45,39.9196', '48'),
('114.896,27.8166', '33'),
('113.261,23.1895', '84'),
('113.718,34.7469', '83'),
('113.307,23.0951', '39'),
('113.333,23.1497', '3'),
('117.859,35.3473', '42'),
('113.267,23.121', '17'),
('113.387,23.0028', '58'),
('121.646,30.9466', '12'),
('118.806,25.0324', '10'),
('117.086,36.6812', '6'),
('87.5261,43.8872', '12'),
('100.23,26.8655', '86'),
('113.261,23.1911', '33'),
('113.261,23.1958', '32'),
('113.107,23.3212', '41'),
('113.636,34.7311', '45'),
('116.7,35.3784', '90'),
('123.995,47.3498', '15'),
('113.225,23.1697', '90'),
('113.281,23.1365', '52'),
('113.368,23.1975', '31'),
('129.622,44.5817', '9'),
('113.254,23.1462', '80'),
('114.89,30.4025', '20'),
('117.073,36.6845', '41'),
('120.165,30.2793', '8'),
('113.239,23.1694', '23'),
('113.659,34.7996', '42'),
('113.255,23.1209', '85'),
('110.458,35.4762', '59'),
('113.56,22.2648', '58'),
('113.231,23.1777', '92'),
('110.487,29.1312', '55'),
('121.52,31.2107', '90'),
('113.274,23.1035', '49'),
('121.355,31.1762', '9'),
('113.294,23.0685', '56'),
('113.279,23.1632', '94'),
('116.405,39.8398', '66'),
('99.7085,27.8295', '78'),
('113.4,23.0932', '47'),
('121.422,31.2171', '97'),
('126.609,45.723', '94'),
('105.078,29.6007', '70'),
('121.379,31.1057', '5'),
('120.255,29.6868', '44'),
('119.092,25.3166', '19'),
('122.138,40.1817', '5'),
('119.539,26.6486', '87'),
('122.073,37.2841', '24'),
('110.15,22.6325', '34'),
('129.588,44.57', '97'),
('113.363,22.9334', '60'),
('113.255,23.0965', '51'),
('117.202,39.1917', '92'),
('119.262,26.0476', '27');
INSERT INTO `heatmap` (`latlng`, `count`) VALUES
('119.687,31.6901', '68'),
('113.285,23.1057', '76'),
('109.804,40.6542', '49'),
('122.261,40.6806', '95'),
('113.275,23.0791', '33'),
('117.123,36.6941', '76'),
('113.169,27.8564', '76'),
('113.288,23.0734', '43'),
('106.24,29.9986', '60'),
('113.224,23.0784', '44'),
('121.366,37.511', '20'),
('119.406,32.3778', '57'),
('113.365,23.1119', '5'),
('121.36,31.11', '52'),
('119.18,32.2857', '77'),
('121.191,31.8998', '88'),
('113.322,22.9822', '100'),
('113.643,34.7503', '78'),
('113.158,38.6455', '10'),
('117.147,28.958', '93'),
('118.138,39.6092', '27'),
('113.403,23.1223', '13'),
('107.408,40.7739', '80'),
('116.36,27.9965', '85'),
('113.755,34.4169', '76'),
('113.588,23.5293', '47'),
('120.181,30.2498', '53'),
('113.276,23.1404', '66'),
('113.382,23.123', '77'),
('116.096,38.7326', '70'),
('115.996,29.725', '3'),
('120.571,31.2166', '69'),
('117.218,29.3448', '45'),
('119.473,35.4197', '45'),
('116.296,35.0559', '74'),
('115.629,34.4416', '57'),
('113.325,23.1263', '98'),
('113.615,23.1241', '96'),
('122.067,46.0723', '40'),
('112.68,22.3726', '0'),
('114.67,37.12', '85'),
('114.973,27.0833', '97'),
('116.77,27.9104', '91'),
('106.146,29.4063', '53'),
('119.574,39.9596', '6'),
('113.264,23.1013', '56'),
('120.174,36.0411', '21'),
('119.44,32.1319', '65'),
('118.777,36.8557', '75'),
('114.047,22.6007', '14'),
('87.5484,43.8301', '78'),
('120.742,30.7634', '98'),
('113.576,22.2512', '51'),
('113.394,23.0605', '92'),
('119.394,32.3934', '59'),
('109.221,34.6624', '19'),
('113.076,34.9382', '75'),
('109.434,24.2973', '87'),
('120.138,33.3806', '67'),
('114.282,35.7429', '36'),
('113.314,23.1405', '96'),
('111.68,40.8132', '30'),
('119.183,34.602', '26'),
('110.336,31.0376', '84'),
('113.364,23.1175', '31'),
('120.832,32.0044', '36'),
('119.381,32.3973', '45'),
('120.01,30.2072', '55'),
('123.457,39.7733', '8'),
('113.229,35.2363', '36'),
('121.553,38.8735', '88'),
('106.073,30.8031', '23'),
('113.321,35.2643', '70'),
('123.995,47.3295', '34'),
('119.986,31.8473', '97'),
('118.798,32.0252', '93'),
('119.391,32.3647', '64'),
('122.136,37.4882', '34'),
('114.632,33.637', '76'),
('113.362,33.6285', '88'),
('113.211,23.0745', '63'),
('123.954,47.3352', '26'),
('120.173,30.2994', '30'),
('113.919,35.3072', '69'),
('113.436,23.1412', '100'),
('114.492,37.0937', '23'),
('111.323,30.6982', '40'),
('119.378,32.3632', '15'),
('119.599,39.9846', '78'),
('112.948,27.825', '81'),
('113.254,23.1254', '94'),
('113.952,22.5759', '70'),
('115.267,30.4437', '72'),
('112.956,27.8284', '45'),
('117.661,24.5131', '57'),
('121.555,29.8568', '6'),
('121.62,38.9986', '18'),
('125.27,43.9016', '95'),
('130.353,46.8072', '50'),
('114.462,37.0474', '16'),
('113.079,28.8099', '18'),
('120.156,30.298', '66'),
('119.032,25.4396', '57'),
('121.421,29.66', '94'),
('113.962,22.5715', '29'),
('111.431,30.5313', '74'),
('119.036,25.4386', '40'),
('113.404,23.0569', '55'),
('122.093,41.1322', '18'),
('110.173,22.6409', '11'),
('122.159,37.4125', '1'),
('113.411,35.087', '90'),
('117.651,24.5108', '90'),
('108.932,34.2233', '55'),
('112.527,27.7247', '3'),
('114.329,36.0939', '10'),
('119.347,41.5919', '26'),
('119.817,31.3647', '1'),
('120.637,31.2861', '24'),
('123.978,47.3544', '19'),
('112.435,34.6704', '90'),
('113.395,23.1249', '89'),
('120.469,30.9896', '75'),
('113.23,35.2247', '71'),
('119.449,32.387', '11'),
('112.202,31.0159', '35'),
('113.687,34.7921', '60'),
('120.712,31.3613', '2'),
('123.461,41.7999', '62'),
('101.779,36.6223', '66'),
('114.509,37.075', '31'),
('125.295,43.944', '15'),
('118.275,48.2167', '67'),
('121.53,38.8875', '91'),
('118.496,31.6399', '3'),
('125.955,41.7353', '60'),
('119.301,42.0418', '100'),
('103.012,30.0076', '70'),
('122.271,43.6328', '95'),
('123.387,41.8213', '28'),
('103.983,30.5807', '49'),
('117.318,39.0429', '82'),
('103.955,22.515', '52'),
('113.37,23.1338', '19'),
('116.385,39.8643', '39'),
('116.98,33.3382', '95'),
('117.209,31.8532', '5'),
('112.551,37.828', '78'),
('113.577,22.7482', '61'),
('120.552,30.6339', '100'),
('120.447,41.563', '39'),
('118.375,31.334', '51'),
('87.637,43.7823', '60'),
('91.7715,29.2279', '57'),
('123.366,41.7924', '63'),
('120.188,35.9674', '25'),
('123.373,41.8036', '100'),
('118.418,31.3448', '21'),
('113.228,35.2467', '0'),
('110.835,35.415', '54'),
('118.936,42.285', '0'),
('126.673,45.7631', '37'),
('112.551,37.8356', '25'),
('123.618,41.8034', '60'),
('122.833,45.6227', '59'),
('113.636,34.7399', '77'),
('103.673,30.6125', '87'),
('113.302,23.0904', '81'),
('113.673,34.7875', '60'),
('112.568,37.8686', '33'),
('109.125,21.4254', '87'),
('112.956,28.2041', '8'),
('117.138,31.8349', '96'),
('112.864,27.8871', '87'),
('111.65,40.8084', '75'),
('117.992,36.6285', '91'),
('115.563,29.8499', '14'),
('113.89,22.5701', '40'),
('119.387,32.3852', '27'),
('113.807,22.7276', '93'),
('114.175,34.7499', '52'),
('111.736,40.8317', '57'),
('118.723,32.1402', '51'),
('113.998,22.879', '90'),
('110.787,32.6463', '69'),
('112.549,37.8706', '95'),
('118.844,31.9526', '28'),
('120.788,31.0767', '41'),
('117.134,36.6712', '3'),
('119.529,35.3941', '10'),
('101.57,21.4779', '26'),
('113.353,22.9502', '66'),
('114.51,36.5962', '92'),
('114.983,27.1156', '28'),
('117.584,34.034', '89'),
('119.295,31.5732', '79'),
('114.854,33.7325', '79'),
('113.629,34.7114', '32'),
('119.026,36.7177', '39'),
('109.612,23.089', '14'),
('113.144,23.1287', '12'),
('109.532,34.572', '91'),
('113.34,23.1272', '33'),
('116.332,27.9341', '0'),
('117.379,36.6707', '45'),
('106.362,38.4039', '57'),
('117.158,34.3085', '11'),
('119.943,31.7812', '92'),
('107.099,29.1552', '62'),
('120.183,30.2702', '86'),
('113.936,33.8109', '58'),
('126.437,41.9502', '11'),
('117.961,28.4462', '71'),
('113.368,22.929', '13'),
('119.325,25.7043', '72'),
('108.996,34.3152', '31'),
('118.51,37.4673', '98'),
('114.139,22.6153', '60'),
('117.143,39.0892', '84'),
('120.142,30.2947', '64'),
('114.254,30.5758', '11'),
('124.899,46.6356', '92'),
('114.626,33.5831', '2'),
('114.662,37.8818', '24'),
('123.32,41.763', '62'),
('113.515,23.0805', '80'),
('112.873,28.297', '64'),
('121.575,38.9145', '53'),
('108.834,38.6041', '58'),
('102.757,25.0834', '28'),
('105.75,26.3198', '65'),
('122.144,40.2595', '87'),
('118.955,42.2716', '99'),
('111.69,29.0576', '68'),
('117.68,24.5149', '56'),
('121.447,28.655', '95'),
('122.27,43.6132', '17'),
('112.183,30.3408', '48'),
('121.214,28.6579', '26'),
('119.316,26.0972', '80'),
('125.146,43.9508', '66'),
('120.213,31.6017', '93'),
('113.38,23.1265', '62'),
('126.62,45.7713', '58'),
('131.687,47.5206', '51'),
('108.949,34.2576', '93'),
('120.279,30.2013', '26'),
('111.484,27.2364', '57'),
('123.437,41.7709', '81'),
('114.385,36.3589', '84'),
('116.596,40.0444', '23'),
('118.821,32.1051', '9'),
('121.863,39.5748', '57'),
('131.119,44.067', '47'),
('108.958,34.1724', '27'),
('120.252,30.186', '81'),
('104.55,30.3906', '2'),
('104.076,30.6721', '40'),
('105.186,37.5148', '24'),
('106.256,29.2787', '9'),
('103.782,36.0713', '10'),
('114.055,22.6278', '63'),
('113.926,35.3096', '82'),
('110.024,39.8151', '13'),
('115.643,35.3058', '49'),
('126.701,45.7277', '13'),
('116.773,23.3729', '0'),
('115.839,28.7565', '84'),
('120.328,31.6164', '80'),
('112.993,28.133', '17'),
('105.431,28.877', '26'),
('116.415,23.2535', '24'),
('102.776,25.0962', '77'),
('118.525,36.4997', '81'),
('113.574,22.232', '71'),
('126.667,51.7243', '6'),
('111.99,27.749', '9'),
('106.603,29.6901', '65'),
('123.46,41.8201', '84'),
('114.346,30.5925', '20'),
('124.386,40.1196', '22'),
('106.307,38.4716', '87'),
('114.886,30.4478', '44'),
('119.931,32.5033', '79'),
('117.127,34.3656', '74'),
('112.177,30.3317', '19'),
('123.41,41.8169', '59'),
('110.491,29.1122', '41'),
('119.56,32.4348', '36'),
('116.714,23.3931', '99'),
('106.466,29.5155', '95'),
('119.802,31.3522', '97'),
('123.411,41.843', '77'),
('104.075,30.6296', '94'),
('106.249,29.2832', '95'),
('106.617,26.694', '89'),
('100.221,25.5929', '95'),
('116.477,39.8895', '65'),
('114.555,38.0089', '33'),
('121.42,31.0039', '40'),
('120.159,30.2622', '37'),
('110.416,19.9423', '71'),
('103.815,25.5026', '88'),
('101.809,36.6096', '5'),
('118.76,32.0794', '44'),
('116.669,23.6551', '51'),
('106.642,29.7406', '77'),
('130.526,44.919', '98'),
('113.096,28.2063', '11'),
('121.856,29.9194', '69'),
('113.626,34.817', '23'),
('121.426,31.2506', '5'),
('112.413,35.484', '92'),
('118.197,39.674', '32'),
('115.457,35.2573', '29'),
('113.866,22.5774', '34'),
('106.485,29.4941', '44'),
('107.109,34.3758', '16'),
('124.131,41.2877', '71'),
('108.785,34.3125', '80'),
('114.327,22.9978', '67'),
('120.662,42.8597', '11'),
('122.003,39.6499', '56'),
('117.028,36.6655', '64'),
('102.013,23.5961', '8'),
('113.399,22.524', '88'),
('114.001,22.9742', '1'),
('99.1623,25.103', '91'),
('110.335,20.4849', '81'),
('113.345,23.129', '65'),
('116.277,39.8666', '70'),
('125.318,43.8747', '81'),
('113.354,23.1169', '80'),
('124.133,41.3022', '76'),
('117.221,39.0922', '32'),
('125.167,42.9065', '72'),
('101.765,36.6173', '26'),
('112.556,37.8393', '31'),
('113.107,41.0334', '91'),
('114.461,37.9949', '3'),
('111.648,40.7952', '21'),
('119.817,31.3675', '93'),
('124.856,46.6334', '64'),
('116.651,23.6681', '9'),
('122.129,40.2519', '97'),
('113.685,22.8372', '57'),
('109.616,23.0945', '51'),
('131.124,44.0667', '0'),
('115.054,30.2441', '16'),
('121.438,31.2628', '81'),
('122.124,37.4885', '17'),
('119.301,26.0845', '90'),
('121.582,31.2625', '29'),
('107.513,26.2776', '95'),
('121.152,30.0289', '98'),
('120.307,31.5226', '44'),
('124.4,51.6721', '59'),
('120.252,30.3929', '14'),
('120.598,31.2612', '96'),
('126.559,45.7159', '71'),
('120.092,31.5736', '95'),
('104.108,30.6574', '91'),
('118.057,36.7873', '40'),
('115.984,29.6913', '8'),
('121.41,31.1642', '41'),
('106.372,29.4875', '36'),
('113.957,23.0723', '23'),
('117.527,36.7331', '18'),
('102.726,25.0502', '98'),
('114.53,35.9537', '75'),
('127.301,44.3469', '97'),
('118.898,31.8869', '100'),
('121.672,38.8808', '18'),
('114.315,30.358', '98'),
('131.16,44.399', '94'),
('104.33,30.9466', '67'),
('120.032,35.9069', '12'),
('117.643,24.5095', '91'),
('101.786,36.6219', '95'),
('120.499,31.5221', '98'),
('107.979,26.5799', '96'),
('110.998,22.9149', '49'),
('106.932,27.7108', '14'),
('107.065,29.8341', '22'),
('116.821,28.2063', '4'),
('113.599,24.8055', '64'),
('123.388,41.8261', '65'),
('103.958,30.584', '75'),
('117.03,36.6536', '73'),
('119.272,26.1128', '91'),
('123.376,41.7267', '59'),
('111.604,26.4498', '59'),
('105.092,31.0913', '27'),
('109.48,18.2731', '71'),
('91.1405,29.6506', '60'),
('106.528,29.4917', '98'),
('121.629,38.9151', '5'),
('113.53,24.7877', '27'),
('129.625,44.587', '44'),
('106.45,29.5778', '61'),
('117.197,39.137', '45'),
('111.69,40.8425', '95'),
('114.784,25.6777', '44'),
('123.833,42.2775', '40'),
('102.732,25.0612', '97'),
('104.308,30.6054', '19'),
('112.605,26.8944', '58'),
('117.19,34.2618', '94'),
('114.007,33.5844', '80'),
('119.367,34.708', '1'),
('119.192,26.0597', '12'),
('121.562,38.9162', '34'),
('112.524,37.8557', '53'),
('107.795,30.6641', '64'),
('114.115,22.6537', '90'),
('104.001,30.6457', '58'),
('104.181,36.5409', '84'),
('113.373,24.7019', '39'),
('114.055,22.5233', '96'),
('106.475,29.5215', '83'),
('117.05,36.6787', '41'),
('106.287,30.3352', '22'),
('106.6,29.5323', '9'),
('120.29,30.1603', '91'),
('119.308,26.0542', '53'),
('103.517,30.5904', '30'),
('118.32,32.2794', '23'),
('120.327,37.6363', '17'),
('115.828,28.6767', '86'),
('104.052,30.5091', '22'),
('113.095,29.3748', '47'),
('113.353,23.3005', '28'),
('115.135,34.8446', '100'),
('110.372,25.2817', '38'),
('113.659,34.7922', '25'),
('120.474,36.1065', '77'),
('113.588,22.361', '30'),
('103.922,30.781', '14'),
('114.32,36.1051', '38'),
('116.578,39.9083', '10'),
('118.677,24.6252', '60'),
('111.994,27.729', '80'),
('113.294,34.8102', '85'),
('120.327,31.5728', '69'),
('120.536,28.0942', '33'),
('98.5799,24.4282', '72'),
('120.259,31.541', '1'),
('117.203,39.1601', '74'),
('112.536,37.9554', '0'),
('112.78,29.4677', '42'),
('116.078,43.9622', '21'),
('113.58,24.7972', '85'),
('117.51,37.4828', '87'),
('113.682,34.8418', '8'),
('130.956,45.3033', '86'),
('104.143,30.7798', '6'),
('119.962,36.7791', '17'),
('117.67,36.2433', '66'),
('108.906,34.2659', '28'),
('102.767,25.0214', '38'),
('104,30.7036', '23'),
('121.572,31.1495', '94'),
('125.017,46.6665', '69'),
('125.316,43.8669', '80'),
('109.424,24.3032', '88'),
('113.154,23.4772', '62'),
('117.228,31.8453', '59'),
('120.396,36.0715', '36'),
('123.843,42.3037', '49'),
('106.439,29.831', '45'),
('131.167,44.4009', '92'),
('110.398,24.5041', '67'),
('112.572,37.8795', '15'),
('113.116,27.8307', '52'),
('118.532,31.659', '32'),
('123.468,41.772', '50'),
('117.098,36.6769', '63'),
('117.219,30.7039', '51'),
('121.565,29.8637', '53'),
('120.358,36.1029', '21'),
('113.125,29.355', '86'),
('114.109,22.6116', '47'),
('105.742,26.3045', '80'),
('131.194,44.4155', '93'),
('111.704,29.0286', '21'),
('106.317,38.4963', '13'),
('118.642,28.7482', '25'),
('120.486,31.4934', '61'),
('106.305,38.4677', '76'),
('118.339,35.0655', '8'),
('120.196,30.2384', '64'),
('106.281,38.444', '18'),
('120.104,30.8672', '96'),
('113.73,34.4532', '92'),
('121.347,31.714', '76'),
('122.253,40.6629', '62'),
('111.684,40.8625', '13'),
('113.151,29.3621', '95'),
('117.217,39.1372', '66'),
('118.807,32.0265', '20'),
('106.283,38.4515', '23'),
('109.223,34.3687', '63'),
('114.061,22.5352', '55'),
('114.15,22.6071', '21'),
('104.074,30.6867', '10'),
('113.351,34.7919', '8'),
('100.808,23.4826', '42'),
('119.047,33.5559', '36'),
('114.207,22.6548', '50'),
('121.779,39.0496', '36'),
('106.279,38.4573', '60'),
('117.152,39.0925', '6'),
('116.545,37.8984', '92'),
('104.619,30.1258', '61'),
('100.765,21.952', '80'),
('114.214,30.5931', '64'),
('119.95,31.7502', '11'),
('108.969,34.248', '89'),
('113.874,35.2873', '67'),
('116.373,39.9109', '64'),
('116.627,23.6586', '46'),
('119.663,29.1028', '31'),
('126.635,45.8789', '58'),
('114.132,22.5445', '72'),
('120.047,30.2473', '92'),
('123.263,41.7491', '17'),
('117.161,39.1801', '77'),
('109.823,40.6726', '71'),
('116.142,34.2401', '78'),
('120.241,29.7166', '95'),
('109.761,38.2374', '12'),
('109.062,34.3975', '12'),
('113.665,22.8071', '49'),
('113.716,34.7241', '36'),
('114.463,37.9996', '55'),
('120.364,36.1023', '44'),
('117.693,39.0076', '90'),
('121.42,31.1596', '42'),
('111.2,35.3409', '96'),
('120.725,37.9824', '4'),
('116.46,39.9125', '20'),
('106.493,29.5339', '72'),
('120.699,27.9943', '13'),
('114.448,22.7818', '49'),
('113.14,27.8467', '71'),
('80.2731,41.1782', '52'),
('112.248,29.2368', '50'),
('104.654,30.1175', '13'),
('126.044,41.7785', '45'),
('117.234,39.1635', '80'),
('119.012,33.6163', '35'),
('103.762,30.3948', '43'),
('117.223,31.8179', '99'),
('103.399,23.3667', '59'),
('109.817,40.656', '49'),
('120.12,30.8656', '96'),
('104.021,30.6157', '33'),
('116.135,43.9385', '28'),
('113.008,25.7836', '5'),
('118.156,39.8248', '53'),
('106.516,29.5122', '20'),
('120.267,31.9156', '90'),
('114.018,32.994', '94'),
('116.31,39.9759', '14'),
('120.977,28.121', '23'),
('119.249,26.0754', '86'),
('120.373,36.0932', '47'),
('121.78,39.047', '68'),
('106.546,29.5826', '94'),
('126.661,45.7508', '78'),
('120.445,30.4296', '68'),
('106.466,29.5359', '42'),
('117.951,28.4557', '79'),
('121.581,38.98', '1'),
('120.62,31.2994', '33'),
('104.638,30.1265', '23'),
('104.059,30.6748', '32'),
('105.88,30.9943', '33'),
('111.711,40.831', '41'),
('105.895,29.3472', '2'),
('106.518,29.5053', '57'),
('121.373,31.1695', '33'),
('99.8027,28.9284', '61'),
('103.999,30.6077', '51'),
('125.279,43.8289', '26'),
('100.797,22.0043', '4'),
('104.066,30.5516', '4'),
('80.2606,41.1689', '20'),
('116.099,24.3132', '36'),
('106.077,30.7575', '49'),
('104.048,30.6916', '82'),
('126.662,45.7506', '2'),
('106.516,29.5897', '9'),
('104.072,30.6248', '21'),
('102.717,25.024', '41'),
('117.212,31.8572', '73'),
('108.047,24.6935', '12'),
('117.26,31.8437', '53'),
('104.027,30.688', '40'),
('104.036,30.6469', '78'),
('117.642,35.5078', '32'),
('120.392,31.5819', '86'),
('118.431,32.4384', '67'),
('116.955,34.1771', '52'),
('117.999,32.7802', '63'),
('104.072,30.6276', '51'),
('118.544,30.2881', '57'),
('118.51,31.6834', '54'),
('116.792,32.5678', '20'),
('118.33,35.0728', '43'),
('106.28,38.4317', '50'),
('119.549,35.3885', '96'),
('103.711,27.3387', '12'),
('117.326,31.895', '88'),
('117.285,31.2479', '45'),
('121.529,31.2229', '91'),
('116.581,35.4176', '83'),
('106.231,38.4872', '12'),
('117.302,31.7438', '29'),
('105.719,30.7811', '97'),
('117.199,31.8481', '98'),
('117.309,39.7152', '25'),
('116.83,35.5558', '68'),
('104.116,30.6885', '1'),
('115.806,36.1136', '89'),
('106.279,38.4552', '35'),
('117.319,31.769', '19'),
('106.756,31.8521', '25'),
('118.328,35.0639', '24'),
('104.102,30.6387', '67'),
('102.487,24.931', '15'),
('111.213,34.8298', '71'),
('116.965,35.4083', '58'),
('111.508,39.4417', '99'),
('117.04,36.2206', '16'),
('104.065,30.6586', '36'),
('112.517,37.8574', '33'),
('116.812,32.783', '13'),
('114.025,22.5332', '16'),
('117.213,31.7525', '38'),
('117.106,36.1925', '34'),
('112.844,35.4897', '6'),
('114.055,22.7206', '52'),
('116.576,37.335', '75'),
('115.327,22.9663', '45'),
('112.899,23.1599', '97'),
('114.094,22.5379', '21'),
('113.535,23.8671', '11'),
('117.16,36.2045', '23'),
('116.815,35.5523', '55'),
('120.699,36.9715', '85'),
('112.844,35.4837', '89'),
('113.266,22.8156', '59'),
('98.5702,24.4388', '11'),
('117.105,36.1841', '31'),
('110.495,24.7765', '1'),
('114.022,22.525', '24'),
('108.242,22.9551', '18'),
('113.815,22.6596', '57'),
('112.542,37.8838', '16'),
('116.831,35.5643', '64'),
('113.869,22.5814', '23'),
('104.048,30.7106', '9'),
('113.379,22.4984', '27'),
('110.29,25.2697', '81'),
('109.129,21.4864', '94'),
('110.493,24.7762', '16'),
('109.13,21.4867', '21'),
('110.292,25.2724', '59'),
('107.977,21.5412', '83'),
('104.058,30.6723', '77'),
('90.4893,43.0908', '90'),
('87.1479,48.4927', '42'),
('118.82,31.9496', '72'),
('116.808,38.5834', '28'),
('113.266,22.8154', '30'),
('120.317,31.5566', '49'),
('80.2528,41.173', '58'),
('113.051,23.0569', '85'),
('119.82,32.2376', '38'),
('109.132,21.4251', '56'),
('108.625,21.9663', '19'),
('118.772,34.1179', '74'),
('110.301,25.1202', '40'),
('115.945,28.662', '32'),
('119.065,32.0552', '0'),
('112.365,32.5326', '2'),
('120.976,31.3804', '80'),
('117.004,39.764', '29'),
('119.485,32.1827', '60'),
('115.49,38.8602', '71'),
('119.843,32.932', '71'),
('115.866,39.0446', '61'),
('111.005,21.505', '16'),
('115.727,24.1449', '98'),
('118.868,31.3238', '87'),
('115.029,25.8653', '85'),
('117.796,38.2781', '4'),
('120.951,31.2866', '63'),
('113.165,23.0207', '42'),
('113.52,22.246', '34'),
('119.067,32.0397', '6'),
('115.733,24.127', '26'),
('116.393,37.622', '48'),
('117.067,28.6957', '46'),
('121.006,31.3411', '90'),
('115.521,38.8707', '8'),
('121.139,31.4598', '80'),
('120.645,31.1614', '24'),
('119.299,31.7864', '63'),
('117.763,41.9277', '55'),
('116.113,24.2846', '82'),
('110.324,25.2791', '94'),
('115.582,38.4953', '6'),
('113.117,23.0028', '1'),
('112.421,34.4195', '59'),
('115.006,38.5238', '21'),
('112.167,37.5467', '29'),
('119.995,31.8135', '89'),
('112.38,34.4395', '89'),
('114.507,36.7618', '37'),
('113.823,36.0757', '64'),
('119,32.1401', '33'),
('115.313,38.4234', '63'),
('114.063,32.111', '37'),
('114.352,33.0018', '21'),
('119.421,39.7819', '51'),
('114.903,40.7928', '15'),
('116.468,33.936', '39'),
('120.376,31.5622', '38'),
('112.559,32.9946', '23'),
('114.736,32.3432', '97'),
('118.716,40.0066', '69'),
('119.913,31.8106', '54'),
('120.666,30.4935', '28'),
('120.739,28.3056', '95'),
('120.671,28.0082', '93'),
('120.66,30.9074', '48'),
('120.657,28.0191', '58'),
('118.384,33.7667', '70'),
('119.239,39.8929', '99'),
('121.513,29.841', '10'),
('118.506,31.6999', '14'),
('113.309,33.7366', '16'),
('120.962,31.398', '8'),
('108.059,24.6937', '67'),
('121.636,29.8493', '17'),
('119.484,31.4295', '68'),
('121.547,29.8007', '15'),
('115.505,37.7997', '66'),
('114.354,30.5269', '90'),
('115.052,40.6043', '66'),
('120.964,28.0989', '23'),
('119.79,33.7704', '48'),
('112.434,34.6355', '38'),
('114.29,30.5781', '9'),
('121.23,30.3266', '64'),
('121.387,28.3933', '97'),
('121.549,29.8742', '40'),
('115.613,28.108', '11'),
('120.66,30.9049', '3'),
('111.128,29.4241', '82'),
('112.417,34.7023', '23'),
('120.141,30.2691', '56'),
('114.312,30.6066', '89'),
('111.376,29.5835', '68'),
('112.162,32.0242', '82'),
('113.841,29.3261', '64'),
('114.322,30.3656', '40'),
('114.357,30.5254', '43'),
('103.843,36.0384', '42'),
('118.402,29.1255', '30'),
('121.588,29.8999', '71'),
('110.342,19.9947', '55'),
('120.516,30.0604', '54'),
('114.268,30.5833', '4'),
('120.734,30.7384', '30'),
('121.39,28.3674', '27'),
('118.613,24.9907', '50'),
('112.601,26.907', '73'),
('118.202,26.1765', '100'),
('110.967,32.5398', '1'),
('114.239,30.6074', '82'),
('103.828,36.041', '68'),
('114.313,29.8268', '1'),
('104.649,25.7773', '88'),
('114.285,30.5733', '36'),
('106.706,26.5743', '46'),
('105.196,25.4314', '46'),
('117.71,24.5153', '9'),
('117.016,25.086', '24'),
('118.474,24.7166', '55'),
('118.617,28.7191', '35'),
('106.691,26.5687', '60'),
('106.704,26.5571', '76'),
('118.586,24.8149', '62'),
('123.321,41.4281', '66'),
('120.192,30.2295', '92'),
('106.78,27.2858', '86'),
('120.894,28.0455', '75'),
('106.708,26.5781', '10'),
('115.271,30.4569', '12'),
('114.174,30.5076', '8'),
('106.558,29.6633', '29'),
('106.072,29.8536', '1'),
('119.674,25.9285', '79'),
('119.351,25.7153', '61'),
('106.576,29.5526', '60'),
('106.448,29.5598', '85'),
('123.874,41.8699', '75'),
('108.382,30.8211', '39'),
('109.124,34.3161', '13'),
('123.053,41.1345', '19'),
('120.186,30.254', '96'),
('120.427,31.5972', '22'),
('114.142,30.6287', '54'),
('106.054,29.8337', '43'),
('124.074,40.4521', '23'),
('112.148,32.0541', '64'),
('111.553,40.7948', '51'),
('106.595,29.5804', '70'),
('119.302,26.0874', '50'),
('113.917,30.9411', '2'),
('108.976,34.2929', '74'),
('118.285,25.0012', '79'),
('109.138,26.2292', '57'),
('106.557,29.5235', '61'),
('106.534,29.5751', '35'),
('118.573,24.8412', '24'),
('112.157,32.0128', '29'),
('119.34,41.5999', '81'),
('115.554,29.8486', '67'),
('108.773,28.8262', '29'),
('111.731,40.8146', '15'),
('126.701,45.7291', '3'),
('122.724,40.8683', '39'),
('121.503,31.1546', '32'),
('121.261,31.1169', '23'),
('126.687,45.7623', '42'),
('126.639,45.7476', '68'),
('103.827,25.5997', '68'),
('126.535,45.8038', '14'),
('121.465,31.2427', '30'),
('119.317,25.7087', '38'),
('126.913,41.8106', '83'),
('100.199,25.8999', '36'),
('121.437,31.2325', '90'),
('120.165,30.2542', '36'),
('114.262,33.2669', '94'),
('126.051,41.7725', '46'),
('102.744,25.0116', '5'),
('105.828,32.4444', '46'),
('102.502,24.8905', '21'),
('104.387,31.1116', '89'),
('102.691,25.0534', '65'),
('119.307,26.0991', '97'),
('121.491,31.291', '29'),
('103.989,30.7518', '52'),
('104.392,31.151', '52'),
('104.115,30.6505', '22'),
('123.185,47.3399', '53'),
('104.018,30.6489', '36'),
('102.859,24.8481', '74'),
('114.284,30.5789', '16'),
('121.593,31.2613', '72'),
('102.742,25.0681', '74'),
('119.465,29.2118', '21'),
('104.102,30.6501', '93'),
('125.297,43.8696', '45'),
('103.992,30.6645', '13'),
('102.553,24.3579', '3'),
('104.077,30.6567', '20'),
('129.848,42.9729', '10'),
('102.814,23.6261', '74'),
('104.113,30.6725', '91'),
('124.851,45.1083', '69'),
('104.151,30.8141', '25'),
('117.286,31.8519', '23'),
('106.178,38.4851', '6'),
('125.297,43.8741', '71'),
('104.044,30.6709', '24'),
('107.987,31.9799', '82'),
('106.732,26.5147', '24'),
('119.496,25.9523', '100'),
('117.376,32.9456', '35'),
('115.627,33.1741', '4'),
('118.611,24.7294', '44'),
('126.631,45.7561', '75'),
('126.695,45.729', '30'),
('117.561,32.8628', '31'),
('117.357,31.8599', '44'),
('115.908,34.9443', '21'),
('117.252,31.8304', '47'),
('116.294,37.449', '50'),
('118.244,37.4913', '34'),
('118.345,35.1179', '33'),
('114.016,33.1459', '52'),
('124.839,45.134', '89'),
('125.307,43.3473', '12'),
('118.328,35.0726', '4'),
('117.21,39.1157', '96'),
('116.979,33.6296', '18'),
('116.76,36.7879', '19'),
('117.483,30.654', '86'),
('103.131,28.3266', '50'),
('117.858,36.4832', '75'),
('118.55,36.5095', '28'),
('117.101,36.188', '15'),
('118.34,35.0493', '39'),
('117.278,31.26', '41'),
('104.034,30.6682', '79'),
('111.759,37.1183', '69'),
('113.476,22.3332', '69'),
('112.846,35.4991', '39'),
('123.507,43.5109', '17'),
('121.255,28.4605', '96'),
('106.645,30.4784', '16'),
('121.387,37.5448', '96'),
('117.958,35.2716', '27'),
('118.334,29.8256', '45'),
('120.715,36.9794', '61'),
('120.55,37.6432', '12'),
('117.247,32.0043', '49'),
('118.304,35.1236', '40'),
('113.755,23.0031', '41'),
('121.37,37.5063', '62'),
('113.129,36.1861', '84'),
('111.371,35.6216', '4'),
('113.121,23.0382', '60'),
('118.777,36.8553', '51'),
('121.256,37.4928', '94'),
('102.674,25.0851', '87'),
('111.726,35.6971', '95'),
('113.436,38.7723', '68'),
('115.097,35.2913', '70'),
('117.485,30.2083', '26'),
('112.455,39.3518', '94'),
('121.27,37.5639', '59'),
('114.032,22.5208', '47'),
('113.387,22.5377', '4'),
('112.697,36.7607', '8'),
('109.189,27.7079', '94'),
('113.06,23.678', '84'),
('121.373,37.5338', '28'),
('116.702,23.3689', '59'),
('115.259,33.0608', '35'),
('117.025,23.4251', '26'),
('111.508,36.0693', '94'),
('118.103,36.9653', '24'),
('117.732,34.5606', '48'),
('118.056,36.9353', '2'),
('113.26,22.8238', '85'),
('113.781,23.0337', '87'),
('106.122,38.4912', '100'),
('88.8598,44.7819', '93'),
('106.499,23.9361', '93'),
('114.085,22.5477', '41'),
('121.451,37.4778', '100'),
('114.7,23.7623', '71'),
('121.261,37.4889', '75'),
('110.316,25.3431', '94'),
('117.482,30.2116', '77'),
('111.493,24.4594', '45'),
('118.213,33.4621', '92'),
('113.653,23.0911', '94'),
('77.2358,38.4136', '57'),
('82.9646,41.7162', '67'),
('113.134,36.1998', '84'),
('114.722,23.7717', '76'),
('118.79,32.0441', '14'),
('110.314,25.277', '13'),
('82.6228,41.5475', '41'),
('117.203,34.2689', '16'),
('120.727,31.1529', '95'),
('119.948,37.1715', '61'),
('82.8957,44.6049', '11'),
('121.125,37.6702', '16'),
('97.858,24.0114', '64'),
('113.34,22.52', '45'),
('113.266,22.7649', '68'),
('118.601,24.8898', '6'),
('121.867,30.9837', '49'),
('119.843,32.9376', '72'),
('119.004,33.0159', '67'),
('117.205,36.9802', '10'),
('118.274,29.6897', '10'),
('111.325,23.4708', '56'),
('115.893,28.6732', '98'),
('115.937,28.5399', '82'),
('116.058,35.2784', '58'),
('112.569,37.869', '47'),
('103.374,23.3676', '15'),
('120.657,31.3183', '36'),
('118.597,24.8968', '63'),
('115.36,26.3316', '58'),
('118.777,34.1147', '54'),
('117.141,34.2994', '80'),
('117.894,33.8997', '56'),
('122.844,45.6186', '29'),
('120.52,31.2176', '22'),
('119.918,32.4615', '75'),
('116.011,29.6786', '51'),
('109.661,23.6037', '18'),
('75.983,39.4555', '61'),
('117.451,34.444', '82'),
('105.029,30.2765', '98'),
('118.844,31.9529', '25'),
('116.771,27.9115', '36'),
('116.707,39.5235', '91'),
('117.335,40.9324', '43'),
('120.518,31.2789', '27'),
('114.09,22.5438', '2'),
('123.549,42.4481', '33'),
('117.277,34.2872', '41'),
('117.887,31.5936', '20'),
('117.249,34.2494', '31'),
('117.191,34.2598', '12'),
('120.309,31.1341', '13'),
('120.475,32.5423', '34'),
('116.82,38.3151', '99'),
('120.292,31.5762', '85'),
('120.706,31.1675', '32'),
('106.157,37.9851', '22'),
('114.888,40.752', '84'),
('120.576,31.2888', '79'),
('111.295,23.4761', '57'),
('121.537,31.0606', '19'),
('119.189,31.9443', '65'),
('117.952,40.2085', '81'),
('113.825,34.0245', '44'),
('114.306,25.6895', '19'),
('86.1628,41.7539', '79'),
('129.493,42.9075', '6'),
('113.993,22.9755', '81'),
('114.897,40.8147', '100'),
('130.323,47.3504', '7'),
('114.379,36.3739', '93'),
('118.82,32.0451', '83'),
('112.49,32.9724', '80'),
('120.752,30.7685', '76'),
('109.186,34.7301', '44'),
('113.888,34.5525', '42'),
('119.673,32.7585', '7'),
('113.572,22.245', '6'),
('127.48,45.757', '42'),
('119.536,39.9253', '51'),
('117.962,28.4226', '61'),
('114.386,36.106', '93'),
('126.808,42.3852', '63'),
('118.456,39.7179', '73'),
('120.472,30.2359', '0'),
('114.693,36.4455', '53'),
('103.964,30.7507', '35'),
('119.975,30.3924', '46'),
('114.336,36.1034', '33'),
('119.919,28.4517', '63'),
('112.394,34.6859', '67'),
('103.886,30.8058', '10'),
('114.499,36.7729', '98'),
('118.304,40.1648', '18'),
('117.753,39.8962', '62'),
('120.264,30.1823', '45'),
('118.634,28.7417', '36'),
('120.597,30.0053', '74'),
('112.792,34.7186', '68'),
('109.231,23.7396', '73'),
('118.328,33.9562', '62'),
('124.39,43.1727', '58'),
('114.5,36.5985', '34'),
('117.97,34.301', '33'),
('110.894,34.532', '27'),
('110.345,20.0322', '25'),
('120.155,30.3151', '74'),
('120.646,31.2062', '46'),
('113.676,36.5627', '62'),
('114.188,34.4149', '100'),
('118.424,39.7715', '41'),
('120.382,29.5786', '66'),
('117.952,34.3447', '86'),
('114.371,30.5142', '33'),
('119.676,30.631', '31'),
('117.964,40.2048', '95'),
('118.225,40.2066', '34'),
('114.483,36.6049', '83'),
('113.597,28.6957', '6'),
('106.696,35.5341', '14'),
('107.643,35.7396', '95'),
('116.595,34.684', '15'),
('114.327,30.5446', '6'),
('111.202,30.4687', '74'),
('117.155,35.1054', '47'),
('105.252,35.2075', '79'),
('119.543,26.2108', '65'),
('120.445,32.5296', '97'),
('118.753,25.4222', '87'),
('120.123,30.3047', '48'),
('114.334,29.8271', '51'),
('98.5139,39.7391', '91'),
('110.759,19.5928', '70'),
('115.992,29.7514', '61'),
('103.839,36.0712', '79'),
('118.617,24.7412', '91'),
('114.52,36.6259', '0'),
('119.399,26.2539', '53'),
('118.464,24.6595', '56'),
('110.324,19.6965', '20'),
('106.634,26.5991', '24'),
('109.727,28.314', '47'),
('109.514,18.2593', '32'),
('104.466,25.7057', '71'),
('124.043,42.5403', '40'),
('108.423,27.0487', '8'),
('106.08,25.7586', '74'),
('120.158,30.2987', '99'),
('120.221,30.2913', '90'),
('121.518,29.9169', '16'),
('120.873,30.0329', '92'),
('114.317,30.6226', '88'),
('105.598,29.4104', '100'),
('106.713,26.5807', '3'),
('118.109,24.5102', '98'),
('94.3709,29.6359', '73'),
('107.494,26.3377', '2'),
('106.711,26.5822', '94'),
('114.362,30.5236', '56'),
('119.698,30.6284', '100'),
('123.789,41.853', '30'),
('118.119,24.5335', '24'),
('106.518,29.5389', '64'),
('111.647,40.8296', '38'),
('122.114,41.6848', '77'),
('114.404,30.5064', '50'),
('118.1,24.5203', '29'),
('103.145,24.919', '27'),
('108.939,34.204', '15'),
('107.513,26.2623', '18'),
('114.703,23.7368', '48'),
('106.543,29.488', '18'),
('118.097,24.5686', '1'),
('114.205,30.5508', '26'),
('113.177,27.8607', '84'),
('109.701,28.2578', '65'),
('110.519,40.5476', '5'),
('103.51,30.1903', '5'),
('118.13,24.5227', '13'),
('121.644,42.0106', '21'),
('114.37,35.9146', '87'),
('120.908,28.0427', '54'),
('120.559,40.7843', '18'),
('120.741,40.6099', '30'),
('120.159,30.1896', '32'),
('107.481,38.1799', '8'),
('121.417,41.7805', '10'),
('107.144,34.3572', '97'),
('91.1244,29.6521', '79'),
('117.611,32.8961', '86'),
('126.605,45.7581', '33'),
('108.681,34.3197', '65'),
('91.1562,29.6492', '11'),
('114.401,30.5059', '98'),
('109.384,35.9946', '26'),
('108.912,34.2317', '21'),
('106.683,26.5286', '67'),
('106.8,26.6401', '4'),
('129.636,44.5949', '50'),
('106.674,26.4244', '26'),
('121.427,31.1653', '82'),
('108.91,34.3753', '50'),
('121.458,41.8072', '89'),
('108.914,34.2154', '94'),
('117.367,39.5337', '61'),
('113.123,40.982', '85'),
('108.951,34.2571', '89'),
('122.989,41.1106', '18'),
('107.026,33.0734', '61'),
('100.08,23.8776', '29'),
('118.71,25.3523', '47'),
('105.528,32.2798', '90'),
('110.023,40.5975', '10'),
('100.206,21.747', '98'),
('107.149,40.8935', '84'),
('126.569,43.8502', '51'),
('126.615,43.8941', '100'),
('126.54,43.8495', '44'),
('109.321,34.1618', '48'),
('126.613,43.8936', '66'),
('102.726,25.0977', '10'),
('117.176,35.102', '41'),
('103.307,26.4113', '8'),
('124.245,43.6653', '73'),
('120.076,30.3154', '4'),
('109.727,38.2924', '60'),
('106.408,27.8016', '61'),
('102.402,25.5263', '81'),
('128.607,44.9309', '33'),
('127.272,42.3323', '12'),
('125.125,46.5978', '42'),
('101.758,36.631', '27'),
('131.875,45.5457', '93'),
('118.077,24.4537', '21'),
('125.332,43.8474', '60'),
('118.104,24.6148', '12'),
('126.666,45.7739', '57'),
('122.742,47.9993', '76'),
('116.289,39.9587', '75'),
('126.562,44.8234', '25'),
('121.46,31.235', '20'),
('125.241,43.8341', '43'),
('108.869,34.2336', '23'),
('118.337,32.2864', '9'),
('116.476,39.9492', '84'),
('118.089,24.4608', '27'),
('116.239,40.2132', '18'),
('125.331,43.8951', '12'),
('111.671,40.798', '18'),
('101.651,36.6661', '3'),
('116.593,40.0778', '32'),
('116.351,39.8985', '76'),
('114.892,25.7948', '10'),
('116.306,39.908', '96'),
('116.187,39.911', '25'),
('116.653,39.8879', '83'),
('106.071,30.8143', '48'),
('103.636,30.8859', '5'),
('116.462,39.9562', '93'),
('113.106,29.1468', '7'),
('116.671,40.1236', '77'),
('121.258,31.3791', '39'),
('127.274,42.3273', '93'),
('108.857,34.1972', '55'),
('116.379,39.923', '27'),
('116.374,39.8739', '67'),
('113.251,22.8243', '88'),
('117.185,39.1132', '32'),
('115.991,40.4644', '87'),
('102.723,25.0291', '5'),
('116.37,39.9587', '23'),
('116.214,40.0992', '98'),
('117.131,40.5364', '62'),
('125.32,43.8662', '66'),
('116.454,39.943', '59'),
('121.446,31.2159', '10'),
('116.455,39.8972', '55'),
('116.295,39.8189', '100'),
('116.466,39.889', '72'),
('116.422,39.8587', '52'),
('116.453,39.9069', '48'),
('125.734,42.2762', '59'),
('116.354,39.9098', '15'),
('105.962,31.5797', '64'),
('116.433,39.9408', '35'),
('121.488,31.2388', '61'),
('100.802,22.0043', '92'),
('116.453,39.9452', '55'),
('104.396,23.0056', '88'),
('117.224,39.0817', '69'),
('125.233,43.8512', '88'),
('116.184,39.932', '90'),
('116.429,39.8548', '35'),
('104.111,30.6625', '39'),
('116.267,39.9582', '45'),
('121.42,30.9063', '4'),
('104.103,30.6691', '30'),
('116.374,40.1031', '99'),
('116.48,39.9869', '2'),
('125.272,43.8678', '65'),
('107.042,33.0735', '37'),
('125.29,43.3431', '20'),
('116.395,39.8385', '17'),
('116.445,39.9399', '90'),
('116.502,39.9719', '10'),
('117.2,39.1236', '23'),
('116.386,39.8704', '97'),
('116.428,39.8114', '57');

-- --------------------------------------------------------

--
-- Table structure for table `locations`
--

CREATE TABLE IF NOT EXISTS `locations` (
  `location_id` bigint(255) NOT NULL default '0',
  `user_id` bigint(20) NOT NULL default '0',
  `trip_id` bigint(20) NOT NULL default '0',
  `activity_id` bigint(20) NOT NULL default '0',
  `finish_time` datetime default NULL,
  `start_time` datetime default NULL,
  PRIMARY KEY  (`location_id`,`trip_id`),
  KEY `user_idents` (`user_id`),
  KEY `activity_id` (`activity_id`),
  KEY `trip_id` (`trip_id`)
) ENGINE=InnoDB DEFAULT CHARSET=utf8;

--
-- Dumping data for table `locations`
--


-- --------------------------------------------------------

--
-- Table structure for table `payment_details`
--

CREATE TABLE IF NOT EXISTS `payment_details` (
  `user_id` bigint(20) NOT NULL default '0',
  `payment_type` enum('PAYPAL','MCARD','VISA') default NULL,
  `paypal_id` varchar(255) default NULL,
  `cardholder_fname` varchar(255) default NULL,
  `cardholder_lname` varchar(255) default NULL,
  `card_number` varchar(255) default NULL,
  `card_expiry` varchar(6) default NULL,
  `card_cvv2` varchar(4) default NULL,
  PRIMARY KEY  (`user_id`)
) ENGINE=InnoDB DEFAULT CHARSET=utf8;

--
-- Dumping data for table `payment_details`
--


-- --------------------------------------------------------

--
-- Table structure for table `preferences`
--

CREATE TABLE IF NOT EXISTS `preferences` (
  `users_ident` bigint(20) NOT NULL default '0',
  `Shopping` tinyint(1) default NULL,
  `Sports` tinyint(1) default NULL,
  `Hiking` tinyint(1) default NULL,
  `Food` tinyint(1) default NULL,
  `Museums` tinyint(1) default NULL,
  `Natural_Sights` tinyint(1) default NULL,
  `Architectural` tinyint(1) default NULL,
  `Animal` tinyint(1) default NULL,
  `Local_Events` tinyint(1) default NULL,
  KEY `users_ident` (`users_ident`)
) ENGINE=InnoDB DEFAULT CHARSET=utf8;

--
-- Dumping data for table `preferences`
--

INSERT INTO `preferences` (`users_ident`, `Shopping`, `Sports`, `Hiking`, `Food`, `Museums`, `Natural_Sights`, `Architectural`, `Animal`, `Local_Events`) VALUES
(5, 1, 0, 1, 0, 1, 1, 1, 1, 1),
(6, 1, 1, 1, 1, 1, 1, 1, 1, 1);

-- --------------------------------------------------------

--
-- Table structure for table `trips`
--

CREATE TABLE IF NOT EXISTS `trips` (
  `user_id` bigint(20) NOT NULL default '0',
  `trip_id` bigint(20) NOT NULL default '0',
  `name` varchar(255) default NULL,
  `start_time` datetime NOT NULL default '0000-00-00 00:00:00',
  `finish_time` datetime default NULL,
  PRIMARY KEY  (`user_id`),
  KEY `trip_id` (`trip_id`)
) ENGINE=InnoDB DEFAULT CHARSET=utf8;

--
-- Dumping data for table `trips`
--


-- --------------------------------------------------------

--
-- Table structure for table `users`
--

CREATE TABLE IF NOT EXISTS `users` (
  `user_id` bigint(20) NOT NULL auto_increment,
  `email` varchar(255) NOT NULL default '',
  `password` varchar(100) character set utf8 collate utf8_bin NOT NULL default '',
  `salt` varchar(100) NOT NULL default '',
  `name` varchar(255) NOT NULL default '',
  `user_mode` enum('Tourist','Guide','Both') NOT NULL default 'Tourist',
  `image_path` varchar(255) default NULL,
  `guide_radius` int(255) default NULL,
  `date_of_birth` datetime default NULL,
  `home_city_id` bigint(20) NOT NULL default '0',
  `gps_lat` float(255,0) default NULL,
  `gps_long` float(255,0) default NULL,
  `pri_lang` varchar(20) NOT NULL default 'Chinese',
  `sec_lang` varchar(20) default NULL,
  `activity_level` enum('Lazy','Active','Hyperactive') NOT NULL default 'Lazy',
  `mobility_level` enum('Assistance_reqd','Slow','Fast') NOT NULL default 'Assistance_reqd',
  `dietary_restrictions` varchar(255) default NULL,
  `gender` enum('Female','Male') default NULL,
  PRIMARY KEY  (`user_id`),
  KEY `home_city_id` (`home_city_id`)
) ENGINE=InnoDB DEFAULT CHARSET=utf8 AUTO_INCREMENT=11 ;

--
-- Dumping data for table `users`
--

INSERT INTO `users` (`user_id`, `email`, `password`, `salt`, `name`, `user_mode`, `image_path`, `guide_radius`, `date_of_birth`, `home_city_id`, `gps_lat`, `gps_long`, `pri_lang`, `sec_lang`, `activity_level`, `mobility_level`, `dietary_restrictions`, `gender`) VALUES
(1, 'jason.zhang@travolla.hm', '$2a$10$fK2DPWSYVlG8n32XuRkxrOA.0OkPfqhFvNG3cjGnIa.EQZA6YrCXC', '$2a$10$fK2DPWSYVlG8n32XuRkxrQ==', 'Jason Zhang', 'Both', './css/images/mmexport1531361644616.jpg', NULL, NULL, 5120, NULL, NULL, 'Chinese', 'English', 'Lazy', 'Assistance_reqd', NULL, 'Male'),
(2, 'ja@gmail.com', '$2a$10$X6mhazPAuOmpUq3EuNVCCuXjaean8Yqi6DzKiWZVUPrfltHVUbGE2', '$2a$10$X6mhazPAuOmpUq3EuNVCCw==', 'Jack', 'Tourist', NULL, NULL, NULL, 5120, NULL, NULL, 'Chinese', 'English', 'Active', 'Assistance_reqd', NULL, 'Female'),
(3, 'henry@gmail.com', '$2a$10$KYrhuIgtHauVERWC8bUUkeh..xmk6FhU6wO9ocw4iVlrqOUlikmQK', '$2a$10$KYrhuIgtHauVERWC8bUUkg==', 'Henry', 'Tourist', '"./css/images/Henry Profile.jpg"', NULL, NULL, 8120, NULL, NULL, 'English', 'French', 'Active', 'Assistance_reqd', NULL, 'Male'),
(4, 'lea.laivan@gmail.com', '$2a$10$9zA8hiucyPUS1VVODAUsD.y2Ptq8O0h1AgUR59gFw6GTlq4EOIWzS', '$2a$10$9zA8hiucyPUS1VVODAUsDA==', 'Lea Lai Van', 'Guide', './css/images/tbp-144308-7609.jpg', NULL, NULL, 8120, NULL, NULL, 'Chinese', 'English', 'Lazy', 'Assistance_reqd', NULL, 'Female'),
(5, 'Ada_test@qq.com', '123456', 'Ada', 'Adatest_1', 'Tourist', './css/images/mmexport1531361065664.jpg', NULL, NULL, 5120, NULL, NULL, 'Chinese', NULL, 'Lazy', 'Assistance_reqd', NULL, 'Female'),
(6, 'Ada_test_2@qq.ocnn', '147258369', 'Ada_2', 'Adatest_2', 'Guide', './css/images/mmexport1531361065664.jpg', NULL, NULL, 8120, NULL, NULL, 'English', NULL, 'Active', 'Assistance_reqd', NULL, 'Male'),
(7, 'ada@travolla.hm', '$2a$10$RPEs3NSXBA1z3yMNS7nVPOSkCcUVP8cWNMWC7y4BeAC0DOHxmgxA2', '$2a$10$RPEs3NSXBA1z3yMNS7nVPQ==', 'Ada', 'Both', './css/images/mmexport1531361065664.jpg', NULL, NULL, 5120, NULL, NULL, 'Chinese', 'English', 'Active', 'Assistance_reqd', NULL, 'Female'),
(8, 'ada@gmail.com', '$2a$10$ixsSmgtoN5fF4jGspfLAXuSmB3uRG4HRVl0O6heqh0b9/S4yDXWTG', '$2a$10$ixsSmgtoN5fF4jGspfLAXw==', 'Ada', 'Tourist', './css/images/mmexport1531361065664.jpg', NULL, NULL, 5120, NULL, NULL, 'Chinese', 'French', 'Active', 'Assistance_reqd', NULL, 'Female'),
(9, 'erik@gmail.com', '$2a$10$TGdMvSC.p4sUpdfmvSvfJ.PD73iw29AwFUYUmwQqZhu/ThcYKq1la', '$2a$10$TGdMvSC.p4sUpdfmvSvfJA==', 'Erik', 'Tourist', './css/images/DSC_9359.jpg', NULL, NULL, 8120, NULL, NULL, 'Chinese', 'English', 'Lazy', 'Assistance_reqd', NULL, 'Male'),
(10, 'guide@gmail.com', '$2a$10$RcdAZhX5Dv9ef0Xfv/goseOTEzd/0YUY73/lQdlECPeyHJpa0lsD2', '$2a$10$RcdAZhX5Dv9ef0Xfv/gosg==', 'Guide', 'Guide', './css/images/Ed-linkedinphoto.jpg', NULL, NULL, 8120, NULL, NULL, 'English', 'English', 'Lazy', 'Assistance_reqd', NULL, 'Male');

-- --------------------------------------------------------

--
-- Table structure for table `users_ed`
--

CREATE TABLE IF NOT EXISTS `users_ed` (
  `user_id` bigint(20) NOT NULL auto_increment,
  `email` varchar(128) character set utf8 collate utf8_unicode_ci NOT NULL default '',
  `password` varchar(100) character set utf8 collate utf8_unicode_ci NOT NULL default '',
  `salt` varchar(100) character set utf8 collate utf8_unicode_ci NOT NULL default '',
  `name` varchar(128) character set utf8 collate utf8_unicode_ci NOT NULL default '',
  `user_mode` enum('T','G','B') character set utf8 collate utf8_unicode_ci NOT NULL default 'T',
  `image_path` varchar(64) character set utf8 collate utf8_unicode_ci NOT NULL default '',
  `guide_radius` smallint(6) default '50',
  `dob` timestamp NULL default NULL,
  `homecity_id` int(11) default NULL,
  `gps_lat` float default NULL,
  `gps_long` float default NULL,
  `pri_lang` enum('english','chinese','japanese','french','german','spanish','italian') character set utf8 collate utf8_unicode_ci NOT NULL default 'english',
  `sec_lang` enum('english','chinese','japanese','french','german','spanish','italian') character set utf8 collate utf8_unicode_ci default NULL,
  `activity_level` int(11) NOT NULL default '0',
  `mobility_level` int(11) NOT NULL default '0',
  `dietary_rest` int(11) default NULL,
  PRIMARY KEY  (`user_id`),
  KEY `SECONDARY` (`email`),
  KEY `FOREIGN` (`homecity_id`)
) ENGINE=InnoDB DEFAULT CHARSET=utf8 AUTO_INCREMENT=2 ;

--
-- Dumping data for table `users_ed`
--

INSERT INTO `users_ed` (`user_id`, `email`, `password`, `salt`, `name`, `user_mode`, `image_path`, `guide_radius`, `dob`, `homecity_id`, `gps_lat`, `gps_long`, `pri_lang`, `sec_lang`, `activity_level`, `mobility_level`, `dietary_rest`) VALUES
(1, 'alskdf@lsdfkn.com', '$2a$10$U7CwlCEgLnPYuH/OXLs7FuwPlVVn8iwhPJ4JTWIi3e4U0YLOSlUWC', '$2a$10$U7CwlCEgLnPYuH/OXLs7Fw==', 'asdf', 'T', '', 50, NULL, NULL, NULL, NULL, 'english', NULL, 0, 0, NULL);

--
-- Constraints for dumped tables
--

--
-- Constraints for table `activities`
--
ALTER TABLE `activities`
  ADD CONSTRAINT `city_id` FOREIGN KEY (`city_id`) REFERENCES `cities` (`city_id`);

--
-- Constraints for table `cities`
--
ALTER TABLE `cities`
  ADD CONSTRAINT `cities_ibfk_1` FOREIGN KEY (`country_id`) REFERENCES `countries` (`country_id`);

--
-- Constraints for table `guides`
--
ALTER TABLE `guides`
  ADD CONSTRAINT `guide_id` FOREIGN KEY (`guide_id`) REFERENCES `users` (`user_id`),
  ADD CONSTRAINT `tourist_id` FOREIGN KEY (`tourist_id`) REFERENCES `users` (`user_id`);

--
-- Constraints for table `locations`
--
ALTER TABLE `locations`
  ADD CONSTRAINT `activity_id` FOREIGN KEY (`activity_id`) REFERENCES `activities` (`activity_id`),
  ADD CONSTRAINT `trip_id` FOREIGN KEY (`trip_id`) REFERENCES `trips` (`trip_id`),
  ADD CONSTRAINT `user_idents` FOREIGN KEY (`user_id`) REFERENCES `users` (`user_id`);

--
-- Constraints for table `payment_details`
--
ALTER TABLE `payment_details`
  ADD CONSTRAINT `user_ids` FOREIGN KEY (`user_id`) REFERENCES `users` (`user_id`);

--
-- Constraints for table `preferences`
--
ALTER TABLE `preferences`
  ADD CONSTRAINT `users_ident` FOREIGN KEY (`users_ident`) REFERENCES `users` (`user_id`);

--
-- Constraints for table `trips`
--
ALTER TABLE `trips`
  ADD CONSTRAINT `user_id` FOREIGN KEY (`user_id`) REFERENCES `users` (`user_id`);

--
-- Constraints for table `users`
--
ALTER TABLE `users`
  ADD CONSTRAINT `home_city_id` FOREIGN KEY (`home_city_id`) REFERENCES `cities` (`city_id`);

